wip,incentive,quarter,department,day  ,team,targeted_productivity,smv,over_time,no_of_style_change,actual_productivity
5.7694569895429915,9.899494936611665,0.0,3.0,0.0,8.0,0.8,26.16,7080.0,0.0,0.940725424
6.079151044353975,0.0,1.0,3.0,0.0,1.0,0.75,3.94,960.0,0.0,0.8865
5.577875793902916,7.0710678118654755,0.0,3.0,0.0,11.0,0.8,11.41,3660.0,0.0,0.8005704920000001
5.577875793902916,7.0710678118654755,0.0,3.0,0.0,12.0,0.8,11.41,3660.0,0.0,0.8005704920000001
5.84852654546204,7.0710678118654755,0.0,3.0,0.0,6.0,0.8,25.9,1920.0,0.0,0.8003819440000001
5.600783363308765,6.164414002968976,0.0,3.0,0.0,7.0,0.8,25.9,6720.0,0.0,0.800125
5.83998736500234,0.0,1.0,3.0,0.0,2.0,0.75,3.94,960.0,0.0,0.755166667
5.309966512111293,6.708203932499369,0.0,3.0,0.0,3.0,0.75,28.08,6900.0,0.0,0.753683478
5.203265584357747,5.830951894845301,0.0,3.0,0.0,2.0,0.75,19.87,6000.0,0.0,0.753097531
5.1084221342210725,6.708203932499369,0.0,3.0,0.0,1.0,0.75,28.08,6900.0,0.0,0.7504278259999999
5.4341187068803345,6.6332495807108,0.0,3.0,0.0,9.0,0.7,28.08,6900.0,0.0,0.7211269570000001
4.9032265458922675,6.708203932499369,0.0,3.0,0.0,10.0,0.75,19.31,6480.0,0.0,0.712205247
5.083866242009144,7.0710678118654755,0.0,3.0,0.0,5.0,0.8,11.41,3660.0,0.0,0.7070459020000001
5.74221144499523,0.0,1.0,3.0,0.0,10.0,0.65,3.94,960.0,0.0,0.705916667
5.6816913138391,0.0,1.0,3.0,0.0,8.0,0.75,2.9,960.0,0.0,0.676666667
5.4971091810812585,0.0,1.0,3.0,0.0,4.0,0.75,3.94,2160.0,0.0,0.593055556
5.3713953792170726,0.0,1.0,3.0,0.0,7.0,0.8,2.9,960.0,0.0,0.5407291670000001
5.416899620838697,0.0,0.0,3.0,0.0,4.0,0.65,23.69,7200.0,0.0,0.52118
5.0903222190768584,0.0,1.0,3.0,0.0,11.0,0.7,4.15,1440.0,0.0,0.436326389
6.571851949860325,0.0,1.0,1.0,0.0,4.0,0.8,4.15,6600.0,0.0,0.9880246909999999
6.571655961768491,0.0,1.0,1.0,0.0,11.0,0.75,2.9,5640.0,0.0,0.987880435
6.528281280867338,0.0,1.0,1.0,0.0,9.0,0.8,4.15,960.0,0.0,0.9562708329999999
6.512991984818471,0.0,1.0,1.0,0.0,3.0,0.75,3.94,1560.0,0.0,0.945277778
6.453045193445425,0.0,1.0,1.0,0.0,1.0,0.8,3.94,960.0,0.0,0.9029166670000001
5.271137256693247,7.0710678118654755,0.0,1.0,0.0,1.0,0.8,28.08,6300.0,0.0,0.800725314
5.4968982034849665,7.0710678118654755,0.0,1.0,0.0,3.0,0.8,28.08,6540.0,0.0,0.8003229359999999
5.959073905325341,7.0710678118654755,0.0,1.0,0.0,8.0,0.8,26.16,7080.0,0.0,0.8003186440000001
5.3899608618864665,7.937253933193772,0.0,1.0,0.0,12.0,0.8,26.16,7080.0,0.0,0.8003186440000001
5.630429376903214,7.0710678118654755,0.0,1.0,0.0,11.0,0.8,11.61,7080.0,0.0,0.8002372879999999
5.066655238516518,7.0710678118654755,0.0,1.0,0.0,5.0,0.8,11.61,7080.0,0.0,0.800148649
5.825901260487881,7.0710678118654755,0.0,1.0,0.0,6.0,0.8,25.9,6720.0,0.0,0.800125
5.808119797909303,6.164414002968976,0.0,1.0,0.0,7.0,0.8,25.9,6720.0,0.0,0.800125
4.96972615648558,7.483314773547883,0.0,1.0,0.0,10.0,0.75,19.31,6480.0,0.0,0.787299691
6.272759545577045,0.0,1.0,1.0,0.0,2.0,0.8,4.15,960.0,0.0,0.782447917
5.542976004952072,6.708203932499369,0.0,1.0,0.0,2.0,0.75,19.87,6600.0,0.0,0.75024303
6.142799737412022,0.0,1.0,1.0,0.0,10.0,0.7,4.15,960.0,0.0,0.7018125
4.829472805532836,0.0,0.0,1.0,0.0,4.0,0.7,23.69,13800.0,0.0,0.700134038
5.72201110515261,6.324555320336759,0.0,1.0,0.0,9.0,0.7,28.08,6900.0,0.0,0.699965217
6.016734185020056,0.0,1.0,1.0,0.0,8.0,0.8,2.9,960.0,0.0,0.6283333329999999
6.011379132066799,0.0,1.0,1.0,0.0,7.0,0.8,3.94,960.0,0.0,0.6253125
6.420212221078062,0.0,1.0,2.0,0.0,3.0,0.75,4.15,1560.0,0.0,0.9913888890000001
6.331331469814435,0.0,1.0,2.0,0.0,9.0,0.8,3.94,960.0,0.0,0.9316458329999999
6.306240235633532,0.0,1.0,2.0,0.0,1.0,0.8,3.94,960.0,0.0,0.915229167
4.8183372165600655,7.0710678118654755,0.0,2.0,0.0,6.0,0.8,11.61,6975.0,0.0,0.879714482
6.222240947304397,0.0,1.0,2.0,0.0,4.0,0.8,3.94,6600.0,0.0,0.8616790120000001
5.979057272132368,7.745966692414834,0.0,2.0,0.0,9.0,0.8,26.16,7080.0,0.0,0.850569492
5.918493032544179,7.745966692414834,0.0,2.0,0.0,7.0,0.8,25.9,7020.0,0.0,0.850436438
5.677457434677287,6.708203932499369,0.0,2.0,0.0,8.0,0.8,25.9,6780.0,0.0,0.8503451329999999
5.44344236490643,7.0710678118654755,0.0,2.0,0.0,4.0,0.8,28.08,4260.0,0.0,0.800598058
5.66924310291739,7.937253933193772,0.0,2.0,0.0,1.0,0.8,26.16,7080.0,0.0,0.8003186440000001
5.288124706190194,7.0710678118654755,0.0,2.0,0.0,2.0,0.8,28.08,6660.0,0.0,0.8002378379999999
5.905183447474379,7.0710678118654755,0.0,2.0,0.0,12.0,0.8,11.61,6975.0,0.0,0.800030199
6.1077540524716225,0.0,1.0,2.0,0.0,2.0,0.8,3.94,960.0,0.0,0.7921041670000001
6.051339297730759,0.0,1.0,2.0,0.0,10.0,0.7,3.94,4320.0,0.0,0.759228395
4.759149430918539,6.708203932499369,0.0,2.0,0.0,11.0,0.75,19.31,6480.0,0.0,0.7503484570000001
5.205039324374805,6.708203932499369,0.0,2.0,0.0,3.0,0.75,19.87,6600.0,0.0,0.75024303
5.88811274065973,6.324555320336759,0.0,2.0,0.0,10.0,0.7,28.08,6900.0,0.0,0.699965217
5.91354807772679,0.0,1.0,2.0,0.0,8.0,0.8,2.9,960.0,0.0,0.682708333
5.885180761458666,0.0,1.0,2.0,0.0,7.0,0.8,2.9,960.0,0.0,0.667604167
5.4527183582720475,5.0990195135927845,0.0,2.0,0.0,5.0,0.7,45.67,6960.0,0.0,0.603432184
5.149747895866537,0.0,1.0,2.0,0.0,11.0,0.75,4.15,960.0,0.0,0.34583333299999997
6.683387981121782,0.0,1.0,0.0,0.0,1.0,0.8,3.94,1920.0,0.0,0.961059028
6.655383368241126,0.0,1.0,0.0,0.0,11.0,0.8,3.94,2400.0,0.0,0.9395138890000001
6.594580741201321,0.0,1.0,0.0,0.0,4.0,0.8,3.94,3840.0,0.0,0.893663194
6.569873790658062,0.0,1.0,0.0,0.0,3.0,0.75,4.15,1920.0,0.0,0.875390625
5.918493032544179,8.660254037844387,0.0,0.0,0.0,9.0,0.8,26.16,7080.0,0.0,0.850569492
6.494397170587757,0.0,1.0,0.0,0.0,9.0,0.8,2.9,1920.0,0.0,0.8208333329999999
6.4711623431972765,0.0,1.0,0.0,0.0,2.0,0.8,3.94,960.0,0.0,0.804416667
5.951972712289321,7.0710678118654755,0.0,0.0,0.0,7.0,0.8,25.9,6780.0,0.0,0.8006843659999999
5.688354715972526,6.164414002968976,0.0,0.0,0.0,8.0,0.8,25.9,6780.0,0.0,0.8006843659999999
5.808119797909303,7.937253933193772,0.0,0.0,0.0,1.0,0.8,26.16,7080.0,0.0,0.8003186440000001
5.102786800620135,7.0710678118654755,0.0,0.0,0.0,11.0,0.8,19.31,4800.0,0.0,0.800250962
5.165590782113181,7.0710678118654755,0.0,0.0,0.0,6.0,0.8,11.61,7200.0,0.0,0.8002460109999999
5.674723286311786,7.0710678118654755,0.0,0.0,0.0,12.0,0.8,11.61,7200.0,0.0,0.8002460109999999
5.2453439338517365,7.0710678118654755,0.0,0.0,0.0,2.0,0.8,28.08,6900.0,0.0,0.800076522
5.248805066671062,7.0710678118654755,0.0,0.0,0.0,4.0,0.8,28.08,6900.0,0.0,0.800076522
6.411954028166249,0.0,1.0,0.0,0.0,10.0,0.75,2.9,960.0,0.0,0.763375
6.405942230669517,0.0,1.0,0.0,0.0,5.0,0.6,2.9,960.0,0.0,0.759270833
5.736633624679954,6.708203932499369,0.0,0.0,0.0,10.0,0.75,28.08,7020.0,0.0,0.7504
5.542976004952072,6.708203932499369,0.0,0.0,0.0,3.0,0.75,19.87,6600.0,0.0,0.75024303
6.281174932101321,0.0,1.0,0.0,0.0,7.0,0.8,3.94,960.0,0.0,0.676666667
6.262287925911434,0.0,1.0,0.0,0.0,8.0,0.8,2.9,960.0,0.0,0.6645833329999999
5.0800566730232335,4.795831523312719,0.0,0.0,0.0,5.0,0.6,21.98,6960.0,0.0,0.6000287360000001
6.025411456780265,0.0,1.0,4.0,0.0,4.0,0.8,3.94,4440.0,0.0,0.966781346
5.971303224415102,0.0,1.0,4.0,0.0,1.0,0.8,3.94,1440.0,0.0,0.936496212
5.9025178198048796,0.0,1.0,4.0,0.0,3.0,0.75,4.15,1800.0,0.0,0.899166667
5.882768097474915,0.0,1.0,4.0,0.0,11.0,0.8,4.15,2700.0,0.0,0.888686869
5.824044391681469,0.0,1.0,4.0,0.0,9.0,0.8,3.94,1440.0,0.0,0.8581439390000001
5.869656408505053,8.660254037844387,0.0,4.0,0.0,1.0,0.8,26.16,10620.0,0.0,0.850502311
6.01038964929703,8.660254037844387,0.0,4.0,0.0,9.0,0.8,26.16,10620.0,0.0,0.850502311
5.726967800027259,0.0,1.0,4.0,0.0,10.0,0.75,3.94,1440.0,0.0,0.8096401520000001
5.719292931886592,0.0,1.0,4.0,0.0,2.0,0.8,3.94,1440.0,0.0,0.805909091
5.172830590742297,7.0710678118654755,0.0,4.0,0.0,2.0,0.8,28.08,10350.0,0.0,0.800594466
5.514871952411144,7.0710678118654755,0.0,4.0,0.0,4.0,0.8,28.08,10350.0,0.0,0.800594466
5.57065896446424,7.0710678118654755,0.0,4.0,0.0,3.0,0.8,19.87,9900.0,0.0,0.8002738290000001
5.760322911614774,7.0710678118654755,0.0,4.0,0.0,12.0,0.8,11.61,5310.0,0.0,0.8001409690000001
5.671985180189633,6.164414002968976,0.0,4.0,0.0,7.0,0.8,25.9,10170.0,0.0,0.800128721
5.736633624679954,6.164414002968976,0.0,4.0,0.0,8.0,0.8,25.9,10170.0,0.0,0.800128721
5.492377104496441,6.164414002968976,0.0,4.0,0.0,6.0,0.8,11.61,4470.0,0.0,0.80007657
5.896666626275172,6.708203932499369,0.0,4.0,0.0,10.0,0.75,28.08,10530.0,0.0,0.750545455
4.928480049973038,6.708203932499369,0.0,4.0,0.0,11.0,0.75,19.31,9900.0,0.0,0.7500578509999999
5.442507509176179,0.0,1.0,4.0,0.0,8.0,0.8,2.9,1440.0,0.0,0.681060606
5.331542066522949,5.916079783099616,0.0,4.0,0.0,5.0,0.65,21.98,10440.0,0.0,0.649983281
5.280386049592921,0.0,1.0,4.0,0.0,7.0,0.8,2.9,1440.0,0.0,0.61625
5.788781608937153,0.0,1.0,5.0,0.0,1.0,0.8,3.94,1440.0,0.0,0.951420455
5.642405438258201,0.0,1.0,5.0,0.0,9.0,0.8,3.94,1440.0,0.0,0.880530303
5.859741412961736,8.660254037844387,0.0,5.0,0.0,1.0,0.8,26.16,10620.0,0.0,0.850502311
6.032148108039167,8.660254037844387,0.0,5.0,0.0,9.0,0.8,26.16,10620.0,0.0,0.850502311
5.804288160993218,7.745966692414834,0.0,5.0,0.0,8.0,0.8,25.9,10170.0,0.0,0.850136766
5.5306623058983595,0.0,1.0,5.0,0.0,3.0,0.75,4.15,2700.0,0.0,0.83
5.524238311929411,0.0,1.0,5.0,0.0,4.0,0.8,3.94,4440.0,0.0,0.827186544
5.492363738853036,0.0,1.0,5.0,0.0,2.0,0.8,3.94,1440.0,0.0,0.8133712120000001
5.4749137819132,0.0,1.0,5.0,0.0,10.0,0.75,3.94,1440.0,0.0,0.805909091
5.471929748696247,0.0,1.0,5.0,0.0,7.0,0.8,2.9,1440.0,0.0,0.804640152
5.277951928008462,7.937253933193772,0.0,5.0,0.0,2.0,0.8,28.08,10350.0,0.0,0.800594466
5.609301689613829,7.0710678118654755,0.0,5.0,0.0,4.0,0.8,28.08,10350.0,0.0,0.800594466
5.603627123231449,7.0710678118654755,0.0,5.0,0.0,6.0,0.8,11.41,5490.0,0.0,0.8003437659999999
5.51338084183755,7.0710678118654755,0.0,5.0,0.0,3.0,0.8,19.87,9900.0,0.0,0.8002738290000001
5.785015217038156,7.0710678118654755,0.0,5.0,0.0,12.0,0.8,11.61,5670.0,0.0,0.8002467529999999
5.7139876999017964,7.0710678118654755,0.0,5.0,0.0,7.0,0.8,25.9,10170.0,0.0,0.800128721
5.815760401751049,8.306623862918075,0.0,5.0,0.0,10.0,0.75,28.08,10530.0,0.0,0.8
4.508037425854135,6.324555320336759,0.0,5.0,0.0,5.0,0.7,21.98,9720.0,0.0,0.7004808309999999
5.1545166984201645,0.0,1.0,5.0,0.0,8.0,0.8,2.9,1440.0,0.0,0.681060606
5.113064705985357,0.0,1.0,5.0,0.0,6.0,0.8,2.9,1800.0,0.0,0.666515152
4.881879819867135,6.324555320336759,0.0,5.0,0.0,11.0,0.8,31.83,9900.0,0.0,0.412119835
3.581905424892565,0.0,1.0,5.0,0.0,5.0,0.7,4.15,1440.0,0.0,0.330113636
6.181557841771653,0.0,1.0,3.0,1.0,1.0,0.8,3.94,1440.0,0.0,0.9476893940000001
6.1356933213569205,0.0,1.0,3.0,1.0,4.0,0.8,3.94,12600.0,0.0,0.919905405
5.905183447474379,9.38083151964686,0.0,3.0,1.0,9.0,0.8,26.16,10620.0,0.0,0.9002157159999999
6.088096711493042,0.0,1.0,3.0,1.0,9.0,0.8,3.94,1440.0,0.0,0.891723485
5.8721273231371045,8.660254037844387,0.0,3.0,1.0,1.0,0.8,26.16,10620.0,0.0,0.850502311
5.540037771211097,8.660254037844387,0.0,3.0,1.0,4.0,0.8,28.08,10530.0,0.0,0.8501818179999999
5.692425097622216,7.745966692414834,0.0,3.0,1.0,7.0,0.8,25.9,10170.0,0.0,0.850136766
5.659614364609476,7.745966692414834,0.0,3.0,1.0,8.0,0.8,25.9,10170.0,0.0,0.850136766
5.990121538443604,0.0,1.0,3.0,1.0,2.0,0.8,3.94,1440.0,0.0,0.8357575759999999
5.964112298061845,0.0,1.0,3.0,1.0,5.0,0.7,4.15,3840.0,0.0,0.8213541670000001
5.289814473047844,7.937253933193772,0.0,3.0,1.0,2.0,0.8,28.08,10050.0,0.0,0.8004972459999999
5.4105972255019035,7.0710678118654755,0.0,3.0,1.0,3.0,0.8,19.87,9900.0,0.0,0.8002738290000001
4.838326138391174,7.937253933193772,0.0,3.0,1.0,12.0,0.8,11.61,15120.0,0.0,0.800107143
4.502569814307524,7.0710678118654755,0.0,3.0,1.0,6.0,0.8,11.41,14640.0,0.0,0.800024932
5.7139876999017964,8.306623862918075,0.0,3.0,1.0,10.0,0.75,28.08,10530.0,0.0,0.8
5.88708832086766,0.0,1.0,3.0,1.0,10.0,0.75,3.94,1440.0,0.0,0.779791667
5.802491918088534,0.0,1.0,3.0,1.0,8.0,0.8,2.9,1440.0,0.0,0.735984848
5.7558275878078735,0.0,1.0,3.0,1.0,3.0,0.75,4.15,2160.0,0.0,0.712626263
5.6909065053859305,0.0,1.0,3.0,1.0,7.0,0.8,2.9,1440.0,0.0,0.681060606
5.307763247755133,0.0,1.0,3.0,1.0,11.0,0.8,4.15,900.0,0.0,0.5156060610000001
4.115953637505823,6.164414002968976,0.0,3.0,1.0,11.0,0.35,12.52,25920.0,0.0,0.349951389
5.187219688247975,0.0,0.0,3.0,1.0,5.0,0.7,42.41,10260.0,0.0,0.23370547600000002
6.567738889167086,0.0,1.0,1.0,1.0,1.0,0.8,3.94,2160.0,0.0,0.985
6.492042706396953,0.0,1.0,1.0,1.0,3.0,0.75,4.15,2760.0,0.0,0.930340376
6.465455033425557,0.0,1.0,1.0,1.0,4.0,0.8,3.94,6000.0,0.0,0.911589744
6.387814847134371,0.0,1.0,1.0,1.0,9.0,0.8,3.94,1440.0,0.0,0.8581439390000001
5.787596085499441,8.660254037844387,0.0,1.0,1.0,9.0,0.8,26.16,10620.0,0.0,0.8511741140000001
5.580754698496868,7.745966692414834,0.0,1.0,1.0,7.0,0.8,25.9,10170.0,0.0,0.850136766
5.833472298241169,7.745966692414834,0.0,1.0,1.0,8.0,0.8,25.9,10170.0,0.0,0.850136766
6.371190984052451,0.0,1.0,1.0,1.0,10.0,0.8,3.94,1440.0,0.0,0.846950758
6.326703131564794,0.0,1.0,1.0,1.0,11.0,0.8,4.15,1440.0,0.0,0.8174242420000001
6.326212820312492,0.0,1.0,1.0,1.0,2.0,0.8,3.94,1440.0,0.0,0.8171022729999999
5.068576245587143,7.937253933193772,0.0,1.0,1.0,4.0,0.8,28.08,10440.0,0.0,0.8010282129999999
5.2314304321865945,7.937253933193772,0.0,1.0,1.0,2.0,0.8,28.08,10350.0,0.0,0.800594466
5.466544209550296,7.0710678118654755,0.0,1.0,1.0,12.0,0.8,11.61,4710.0,0.0,0.800346445
5.457338657594089,7.0710678118654755,0.0,1.0,1.0,6.0,0.8,11.41,5490.0,0.0,0.8003437659999999
6.044638269813192,7.937253933193772,0.0,1.0,1.0,1.0,0.8,26.16,10620.0,0.0,0.8001171029999999
5.735308919909811,7.937253933193772,0.0,1.0,1.0,10.0,0.8,28.08,10530.0,0.0,0.8
5.726010183496882,6.708203932499369,0.0,1.0,1.0,3.0,0.75,19.87,7080.0,0.0,0.7500983509999999
5.2314304321865945,6.164414002968976,0.0,1.0,1.0,11.0,0.5,12.52,9540.0,0.0,0.673245283
6.089308859749427,0.0,1.0,1.0,1.0,7.0,0.8,2.9,1440.0,0.0,0.670075758
6.017706297434181,0.0,1.0,1.0,1.0,8.0,0.8,2.9,1440.0,0.0,0.628882576
5.5749924247338765,0.0,0.0,1.0,1.0,5.0,0.5,20.79,7680.0,0.0,0.388007813
5.419516777956809,0.0,1.0,1.0,1.0,5.0,0.5,4.15,1440.0,0.0,0.337973485
6.336909390563671,0.0,1.0,2.0,1.0,3.0,0.75,4.15,1440.0,0.0,0.93532197
6.322192794250045,0.0,1.0,2.0,1.0,4.0,0.8,3.94,3600.0,0.0,0.9256439390000001
5.752458971218187,9.38083151964686,0.0,2.0,1.0,9.0,0.8,26.16,10620.0,0.0,0.9002157159999999
6.240391567051034,0.0,1.0,2.0,1.0,1.0,0.8,3.94,1440.0,0.0,0.873068182
6.216574760768109,0.0,1.0,2.0,1.0,9.0,0.8,3.94,1440.0,0.0,0.8581439390000001
6.09825450137776,8.660254037844387,0.0,2.0,1.0,1.0,0.8,26.16,10620.0,0.0,0.850502311
5.640208102647786,6.708203932499369,0.0,2.0,1.0,7.0,0.8,25.9,10170.0,0.0,0.850136766
5.896666626275172,7.745966692414834,0.0,2.0,1.0,8.0,0.8,25.9,10170.0,0.0,0.850136766
6.1681027325623035,0.0,1.0,2.0,1.0,10.0,0.8,3.94,1440.0,0.0,0.828295455
6.155804397143613,0.0,1.0,2.0,1.0,2.0,0.8,3.94,1440.0,0.0,0.8208333329999999
5.457338657594089,7.0710678118654755,0.0,2.0,1.0,6.0,0.8,11.41,5490.0,0.0,0.8003437659999999
5.4711295994695215,7.0710678118654755,0.0,2.0,1.0,12.0,0.8,11.61,5670.0,0.0,0.8002467529999999
5.326586328805928,7.937253933193772,0.0,2.0,1.0,2.0,0.8,28.08,10530.0,0.0,0.8
5.253983963021254,6.164414002968976,0.0,2.0,1.0,10.0,0.8,28.08,10530.0,0.0,0.8
5.682913911358352,0.0,0.0,2.0,1.0,3.0,0.8,19.87,6420.0,0.0,0.690182815
5.886094169702,0.0,1.0,2.0,1.0,11.0,0.8,4.15,1440.0,0.0,0.668087121
5.858504900951985,0.0,1.0,2.0,1.0,8.0,0.8,2.9,1440.0,0.0,0.653598485
5.771316686851719,0.0,1.0,2.0,1.0,5.0,0.5,4.15,1440.0,0.0,0.609138258
5.369084708849279,5.477225575051661,0.0,2.0,1.0,11.0,0.6,12.52,9540.0,0.0,0.6002298460000001
5.747520501557822,0.0,1.0,2.0,1.0,6.0,0.8,2.9,1440.0,0.0,0.597348485
5.733429088597008,0.0,1.0,2.0,1.0,7.0,0.8,2.9,1440.0,0.0,0.590435606
4.868936144812272,0.0,0.0,2.0,1.0,4.0,0.8,50.48,10440.0,0.0,0.473134796
5.895446920629982,0.0,0.0,2.0,1.0,5.0,0.6,20.79,7980.0,0.0,0.452979626
6.675744354585157,0.0,1.0,0.0,1.0,1.0,0.8,3.94,1440.0,0.0,0.955151515
6.65891215420179,0.0,1.0,0.0,1.0,4.0,0.35,4.3,3240.0,0.0,0.942213805
6.610377990531568,0.0,1.0,0.0,1.0,3.0,0.8,4.15,1800.0,0.0,0.905454545
6.576851497134331,0.0,1.0,0.0,1.0,2.0,0.8,3.94,1440.0,0.0,0.880530303
6.546295469039894,0.0,1.0,0.0,1.0,9.0,0.8,3.94,1440.0,0.0,0.8581439390000001
5.75770517728214,8.660254037844387,0.0,0.0,1.0,1.0,0.8,26.16,8220.0,0.0,0.850522167
5.7498304765995565,8.660254037844387,0.0,0.0,1.0,9.0,0.8,26.16,10620.0,0.0,0.850502311
5.666497041030256,7.745966692414834,0.0,0.0,1.0,7.0,0.8,25.9,10170.0,0.0,0.850136766
5.925715124114462,7.745966692414834,0.0,0.0,1.0,8.0,0.8,25.9,10170.0,0.0,0.850136766
6.48959272034137,0.0,1.0,0.0,1.0,6.0,0.8,2.9,1440.0,0.0,0.8174242420000001
6.478474950078131,0.0,1.0,0.0,1.0,5.0,0.65,4.15,1440.0,0.0,0.809564394
5.538566899510733,0.0,0.0,0.0,1.0,3.0,0.8,19.87,9900.0,0.0,0.8002738290000001
5.388363599639129,7.0710678118654755,0.0,0.0,1.0,6.0,0.8,11.41,5670.0,0.0,0.800181818
5.2505330685731755,7.0710678118654755,0.0,0.0,1.0,12.0,0.8,11.61,4470.0,0.0,0.80007657
5.210349692774608,7.937253933193772,0.0,0.0,1.0,2.0,0.8,28.08,10530.0,0.0,0.8
6.355068663375676,0.0,1.0,0.0,1.0,8.0,0.8,2.9,1440.0,0.0,0.725
4.418056280305078,6.708203932499369,0.0,0.0,1.0,10.0,0.8,50.48,6930.0,0.0,0.688557555
5.811943866565564,0.0,0.0,0.0,1.0,5.0,0.65,20.79,8460.0,0.0,0.650040783
5.6290282496635,6.6332495807108,0.0,0.0,1.0,11.0,0.65,12.52,9540.0,0.0,0.64998056
6.236254278707604,0.0,1.0,0.0,1.0,7.0,0.8,2.9,1440.0,0.0,0.648106061
6.224250289740575,0.0,1.0,0.0,1.0,11.0,0.8,4.15,1440.0,0.0,0.640577652
4.909576518029626,0.0,0.0,0.0,1.0,4.0,0.35,22.4,7350.0,0.0,0.35063299
5.466043681601512,0.0,1.0,0.0,1.0,10.0,0.8,3.94,1440.0,0.0,0.24625
5.999221660217851,0.0,1.0,4.0,1.0,4.0,0.35,4.3,2160.0,0.0,0.952020202
5.998150290461813,0.0,1.0,4.0,1.0,1.0,0.8,3.94,1440.0,0.0,0.951420455
5.927855754440525,0.0,1.0,4.0,1.0,10.0,0.8,3.94,5400.0,0.0,0.912766667
5.9064440634297934,0.0,1.0,4.0,1.0,3.0,0.8,4.15,1620.0,0.0,0.901262626
5.824044391681469,0.0,1.0,4.0,1.0,9.0,0.8,3.94,1440.0,0.0,0.8581439390000001
5.72334506283855,8.660254037844387,0.0,4.0,1.0,1.0,0.8,26.16,10620.0,0.0,0.850502311
5.830951894845301,8.660254037844387,0.0,4.0,1.0,9.0,0.8,26.16,10620.0,0.0,0.850502311
5.899103769439103,7.745966692414834,0.0,4.0,1.0,8.0,0.8,25.9,10260.0,0.0,0.850252525
5.792747488983534,7.745966692414834,0.0,4.0,1.0,7.0,0.8,25.9,10170.0,0.0,0.850136766
5.750865375409766,0.0,1.0,4.0,1.0,5.0,0.65,4.15,1440.0,0.0,0.8213541670000001
5.719292931886592,0.0,1.0,4.0,1.0,2.0,0.8,3.94,1440.0,0.0,0.805909091
5.6290282496635,7.0710678118654755,0.0,4.0,1.0,6.0,0.8,11.61,5670.0,0.0,0.8002467529999999
5.70996329005732,7.0710678118654755,0.0,4.0,1.0,12.0,0.8,11.61,5670.0,0.0,0.8002467529999999
5.185427592735,7.0710678118654755,0.0,4.0,1.0,2.0,0.8,28.08,10530.0,0.0,0.8
4.643690197768131,7.3484692283495345,0.0,4.0,1.0,3.0,0.8,42.27,9900.0,0.0,0.705576584
5.442507509176179,0.0,1.0,4.0,1.0,8.0,0.8,2.9,1440.0,0.0,0.681060606
5.416040438125821,0.0,1.0,4.0,1.0,7.0,0.8,2.9,1440.0,0.0,0.670075758
5.2407303163766334,0.0,1.0,4.0,1.0,11.0,0.8,4.15,1440.0,0.0,0.601278409
4.798096379444943,6.082762530298219,0.0,4.0,1.0,11.0,0.7,27.13,9540.0,0.0,0.582301029
6.00115707266009,0.0,0.0,4.0,1.0,5.0,0.7,20.79,10440.0,0.0,0.526810345
5.289814473047844,4.795831523312719,0.0,4.0,1.0,4.0,0.5,22.4,10170.0,0.0,0.500380799
5.171023488076792,4.795831523312719,0.0,4.0,1.0,10.0,0.35,22.4,10170.0,0.0,0.35020649
5.755066872735195,0.0,1.0,5.0,1.0,11.0,0.8,4.15,1980.0,0.0,0.934607438
5.700637089970733,0.0,1.0,5.0,1.0,4.0,0.35,4.3,2700.0,0.0,0.908080808
5.8233710096151645,8.366600265340756,0.0,5.0,1.0,7.0,0.8,25.9,10170.0,0.0,0.900144811
5.666280520135067,0.0,1.0,5.0,1.0,1.0,0.8,3.94,1440.0,0.0,0.891723485
5.607858013812786,0.0,1.0,5.0,1.0,5.0,0.65,4.15,1440.0,0.0,0.864583333
5.593724967651058,0.0,1.0,5.0,1.0,9.0,0.8,3.94,1440.0,0.0,0.8581439390000001
5.9245132753305985,8.660254037844387,0.0,5.0,1.0,9.0,0.8,26.16,10620.0,0.0,0.850502311
5.9076100694976725,7.745966692414834,0.0,5.0,1.0,8.0,0.8,25.9,10170.0,0.0,0.850136766
5.547892483082073,0.0,1.0,5.0,1.0,7.0,0.8,2.9,1440.0,0.0,0.837594697
5.509648941012759,0.0,1.0,5.0,1.0,3.0,0.8,4.15,1440.0,0.0,0.8208333329999999
5.834731275825683,7.0710678118654755,0.0,5.0,1.0,12.0,0.8,11.61,2970.0,0.0,0.800313433
5.583629154612598,6.164414002968976,0.0,5.0,1.0,6.0,0.8,11.61,5670.0,0.0,0.8002467529999999
5.748514876358642,7.937253933193772,0.0,5.0,1.0,1.0,0.8,26.16,10620.0,0.0,0.8001171029999999
5.573549060878368,0.0,0.0,5.0,1.0,5.0,0.7,20.79,7320.0,0.0,0.700095563
5.115412341960261,0.0,1.0,5.0,1.0,8.0,0.8,2.9,1440.0,0.0,0.667329545
5.344690235567577,4.795831523312719,0.0,5.0,1.0,4.0,0.6,22.4,5100.0,0.0,0.6003696860000001
5.547374613892434,4.795831523312719,0.0,5.0,1.0,10.0,0.5,22.4,3390.0,0.0,0.49998033399999997
5.3803559038654925,4.795831523312719,0.0,5.0,1.0,11.0,0.35,14.61,7200.0,0.0,0.35003125
3.6006012546251633,0.0,1.0,5.0,1.0,10.0,0.8,3.94,1260.0,0.0,0.332359307
5.740602242497573,5.196152422706632,0.0,5.0,1.0,2.0,0.8,51.02,4260.0,0.0,0.311207464
2.464695372507749,0.0,1.0,5.0,1.0,2.0,0.8,3.94,1260.0,0.0,0.247316017
6.247344965487185,0.0,1.0,3.0,2.0,4.0,0.35,4.3,3600.0,0.0,0.9886363640000001
6.190387972025603,0.0,1.0,3.0,2.0,10.0,0.8,3.94,3420.0,0.0,0.953110048
6.075305068775719,0.0,1.0,3.0,2.0,1.0,0.8,3.94,1440.0,0.0,0.8842613640000001
6.03429469847843,0.0,1.0,3.0,2.0,5.0,0.65,4.15,1440.0,0.0,0.8606534090000001
6.029885921503526,0.0,1.0,3.0,2.0,9.0,0.8,3.94,1440.0,0.0,0.8581439390000001
5.835989438977148,8.660254037844387,0.0,3.0,2.0,1.0,0.8,26.16,10620.0,0.0,0.850502311
5.857254783327842,7.745966692414834,0.0,3.0,2.0,8.0,0.8,25.9,8970.0,0.0,0.8504156279999999
5.98256302401793,7.745966692414834,0.0,3.0,2.0,7.0,0.8,25.9,10170.0,0.0,0.850136766
6.082762530298219,7.937253933193772,0.0,3.0,2.0,9.0,0.8,26.16,10620.0,0.0,0.8001171029999999
5.737957412381924,6.164414002968976,0.0,3.0,2.0,6.0,0.8,11.61,4950.0,0.0,0.80003139
5.905183447474379,7.0710678118654755,0.0,3.0,2.0,12.0,0.8,11.61,4950.0,0.0,0.80003139
4.446765108849937,0.0,0.0,3.0,2.0,5.0,0.7,20.79,10440.0,0.0,0.700060345
5.7080653074174545,0.0,1.0,3.0,2.0,7.0,0.8,2.9,1440.0,0.0,0.689299242
5.761630441584714,5.477225575051661,0.0,3.0,2.0,3.0,0.5,22.52,10170.0,0.0,0.660683293
5.4341187068803345,5.0990195135927845,0.0,3.0,2.0,4.0,0.65,22.52,10080.0,0.0,0.650130952
5.528998022958157,0.0,1.0,3.0,2.0,8.0,0.8,2.9,1440.0,0.0,0.606912879
5.727341349501831,4.795831523312719,0.0,3.0,2.0,10.0,0.6,22.52,10170.0,0.0,0.600291767
5.502909036087498,5.477225575051661,0.0,3.0,2.0,11.0,0.5,14.89,9900.0,0.0,0.500025069
5.684275577662207,4.795831523312719,0.0,3.0,2.0,2.0,0.5,22.94,9810.0,0.0,0.499998888
6.570727158834238,0.0,1.0,1.0,2.0,5.0,0.65,4.15,2700.0,0.0,0.98719697
6.562163631971548,0.0,1.0,1.0,2.0,2.0,0.8,3.94,1800.0,0.0,0.9809090909999999
6.553566447415389,0.0,1.0,1.0,2.0,10.0,0.8,3.94,1440.0,0.0,0.9746212120000001
6.426107013372739,0.0,1.0,1.0,2.0,1.0,0.8,3.94,1440.0,0.0,0.8842613640000001
6.340935881071213,0.0,1.0,1.0,2.0,9.0,0.8,3.94,1800.0,0.0,0.82680303
5.715327282152979,7.937253933193772,0.0,1.0,2.0,6.0,0.8,11.41,5490.0,0.0,0.8003437659999999
5.677457434677287,7.937253933193772,0.0,1.0,2.0,12.0,0.8,11.61,5670.0,0.0,0.8002467529999999
6.11253493933072,7.0710678118654755,0.0,1.0,2.0,7.0,0.8,25.9,10170.0,0.0,0.800128721
5.9953650023349585,7.0710678118654755,0.0,1.0,2.0,8.0,0.8,25.9,10170.0,0.0,0.800128721
3.616171570960374,7.937253933193772,0.0,1.0,2.0,1.0,0.8,48.68,10620.0,0.0,0.8001171029999999
5.7953180454133255,7.937253933193772,0.0,1.0,2.0,9.0,0.8,26.16,10620.0,0.0,0.8001171029999999
5.423180094714308,4.795831523312719,0.0,1.0,2.0,2.0,0.6,22.94,6570.0,0.0,0.77011398
5.359366868641309,7.0710678118654755,0.0,1.0,2.0,4.0,0.7,22.52,10170.0,0.0,0.7005416999999999
6.0986671970575985,0.0,1.0,1.0,2.0,8.0,0.8,2.9,1440.0,0.0,0.675568182
6.075189929391447,0.0,1.0,1.0,2.0,7.0,0.8,2.9,1440.0,0.0,0.661837121
5.83975905410145,5.916079783099616,0.0,1.0,2.0,10.0,0.65,22.52,9720.0,0.0,0.650198653
5.810670015778582,5.477225575051661,0.0,1.0,2.0,3.0,0.6,22.52,10170.0,0.0,0.600291767
5.66099290919218,6.164414002968976,0.0,1.0,2.0,11.0,0.6,14.89,10080.0,0.0,0.6002732679999999
5.705608091773939,0.0,1.0,1.0,2.0,6.0,0.8,2.9,900.0,0.0,0.465757576
5.695133842189638,4.58257569495584,0.0,1.0,2.0,5.0,0.7,41.19,10440.0,0.0,0.452012539
5.360115744438281,0.0,1.0,1.0,2.0,11.0,0.8,4.15,1260.0,0.0,0.313852814
6.207969331405005,0.0,1.0,2.0,2.0,5.0,0.6,4.15,1440.0,0.0,0.8527935609999999
6.1846133410627155,0.0,1.0,2.0,2.0,11.0,0.65,4.15,2160.0,0.0,0.8383838379999999
6.129208829632249,0.0,1.0,2.0,2.0,6.0,0.8,2.9,1800.0,0.0,0.804848485
5.810670015778582,7.937253933193772,0.0,2.0,2.0,6.0,0.8,11.41,5490.0,0.0,0.8003437659999999
4.997998798878767,7.0710678118654755,0.0,2.0,2.0,7.0,0.8,48.84,10170.0,0.0,0.800128721
5.9907192297630445,6.164414002968976,0.0,2.0,2.0,8.0,0.8,25.9,10170.0,0.0,0.800128721
6.096048585118403,7.0710678118654755,0.0,2.0,2.0,9.0,0.8,26.16,3660.0,0.0,0.8000150090000001
5.449631621480024,7.0710678118654755,0.0,2.0,2.0,4.0,0.7,22.52,10170.0,0.0,0.7005416999999999
5.626222852206339,6.324555320336759,0.0,2.0,2.0,10.0,0.7,22.52,10080.0,0.0,0.7000941559999999
5.93088209635279,0.0,1.0,2.0,2.0,7.0,0.8,2.9,1440.0,0.0,0.692045455
4.918005006595219,7.483314773547883,0.0,2.0,2.0,12.0,0.8,26.87,5670.0,0.0,0.662255892
5.808119797909303,5.916079783099616,0.0,2.0,2.0,3.0,0.65,22.52,10170.0,0.0,0.650416734
5.810670015778582,6.6332495807108,0.0,2.0,2.0,11.0,0.65,14.89,10260.0,0.0,0.650299575
5.6582348119501225,5.0990195135927845,0.0,2.0,2.0,2.0,0.65,22.94,10170.0,0.0,0.6502434970000001
5.831993513750971,0.0,1.0,2.0,2.0,8.0,0.8,2.9,1440.0,0.0,0.639867424
5.666497041030256,5.477225575051661,0.0,2.0,2.0,5.0,0.6,20.4,10440.0,0.0,0.6000626960000001
5.716185571507502,0.0,1.0,2.0,2.0,9.0,0.8,3.94,1800.0,0.0,0.582045455
6.096048585118403,4.898979485566356,0.0,2.0,2.0,1.0,0.8,49.1,10350.0,0.0,0.403242161
4.806182465847596,0.0,1.0,2.0,2.0,10.0,0.7,3.94,1440.0,0.0,0.235795455
6.704232914332994,0.0,1.0,0.0,2.0,4.0,0.7,4.3,5040.0,0.0,0.977272727
6.687320253165404,0.0,1.0,0.0,2.0,9.0,0.8,3.94,1800.0,0.0,0.964106061
6.680599453838248,0.0,1.0,0.0,2.0,5.0,0.65,4.15,1440.0,0.0,0.958901515
5.662370447415357,7.0710678118654755,0.0,0.0,2.0,6.0,0.8,11.41,4380.0,0.0,0.800358775
6.094944728380514,7.0710678118654755,0.0,0.0,2.0,8.0,0.8,25.9,3630.0,0.0,0.800162602
5.880751051658382,7.937253933193772,0.0,0.0,2.0,9.0,0.8,26.16,10620.0,0.0,0.8001171029999999
6.456066105323836,0.0,1.0,0.0,2.0,12.0,0.8,2.9,1440.0,0.0,0.793844697
5.631829458915408,6.164414002968976,0.0,0.0,2.0,2.0,0.7,22.94,10170.0,0.0,0.750517565
5.522309423054255,7.937253933193772,0.0,0.0,2.0,4.0,0.7,22.52,10260.0,0.0,0.750068049
5.752458971218187,7.0710678118654755,0.0,0.0,2.0,3.0,0.7,22.52,10170.0,0.0,0.750062751
5.5341472389363755,7.937253933193772,0.0,0.0,2.0,10.0,0.7,22.52,10080.0,0.0,0.750057359
6.206667428541379,7.0710678118654755,0.0,0.0,2.0,11.0,0.7,14.89,10260.0,0.0,0.700170388
6.292255840017093,0.0,1.0,0.0,2.0,8.0,0.8,2.9,1440.0,0.0,0.683806818
5.951972712289321,5.916079783099616,0.0,0.0,2.0,5.0,0.65,20.4,8280.0,0.0,0.650066445
5.678823028867355,5.477225575051661,0.0,0.0,2.0,7.0,0.8,48.84,10260.0,0.0,0.576460393
6.215015352487549,5.477225575051661,0.0,0.0,2.0,1.0,0.5,22.94,10170.0,0.0,0.549969429
6.05399738205512,0.0,1.0,0.0,2.0,10.0,0.7,3.94,1440.0,0.0,0.538399621
5.816448406927487,0.0,1.0,0.0,2.0,11.0,0.7,4.15,1440.0,0.0,0.409545455
5.773358348915986,4.795831523312719,0.0,0.0,2.0,12.0,0.35,15.26,6120.0,0.0,0.35021836
6.13983917865399,0.0,1.0,4.0,2.0,5.0,0.7,4.15,1440.0,0.0,1.033570076
5.688354715972526,7.937253933193772,0.0,4.0,2.0,6.0,0.8,11.41,5580.0,0.0,0.8002614859999999
6.15371371267164,7.0710678118654755,0.0,4.0,2.0,8.0,0.8,25.9,10170.0,0.0,0.800128721
4.469338245807558,7.937253933193772,0.0,4.0,2.0,9.0,0.8,26.16,10620.0,0.0,0.8001171029999999
5.599359857446364,7.937253933193772,0.0,4.0,2.0,4.0,0.7,22.52,10260.0,0.0,0.750068049
5.7694569895429915,7.937253933193772,0.0,4.0,2.0,10.0,0.7,22.52,10080.0,0.0,0.750057359
5.803009260803008,7.0710678118654755,0.0,4.0,2.0,3.0,0.7,22.52,8460.0,0.0,0.750037968
6.076086724525043,7.0710678118654755,0.0,4.0,2.0,2.0,0.7,22.94,10260.0,0.0,0.7500318979999999
5.5521486883748485,0.0,1.0,4.0,2.0,9.0,0.8,3.94,1800.0,0.0,0.72830303
6.224366735308985,7.0710678118654755,0.0,4.0,2.0,11.0,0.7,14.89,10260.0,0.0,0.700170388
6.063790285102254,7.0710678118654755,0.0,4.0,2.0,5.0,0.7,20.4,10260.0,0.0,0.7000637959999999
5.341183019788108,0.0,1.0,4.0,2.0,8.0,0.8,2.9,1440.0,0.0,0.639867424
6.063790285102254,4.795831523312719,0.0,4.0,2.0,12.0,0.5,15.26,3720.0,0.0,0.5002904189999999
6.170807526517056,5.477225575051661,0.0,4.0,2.0,7.0,0.35,22.94,10080.0,0.0,0.40033279200000005
4.433350547877535,0.0,1.0,4.0,2.0,11.0,0.7,4.15,2700.0,0.0,0.36266666700000005
5.841925655646424,0.0,1.0,5.0,2.0,4.0,0.75,4.3,6000.0,0.0,0.978525641
5.709196152249759,0.0,1.0,5.0,2.0,2.0,0.7,3.94,5100.0,0.0,0.912202112
5.359366868641309,9.695359714832659,0.0,5.0,2.0,4.0,0.75,22.52,10080.0,0.0,0.9005562770000001
5.501408174353464,8.660254037844387,0.0,5.0,2.0,6.0,0.8,11.61,5760.0,0.0,0.850410511
5.524148858164551,0.0,1.0,5.0,2.0,9.0,0.8,3.94,2400.0,0.0,0.827147436
4.868936144812272,6.164414002968976,0.0,5.0,2.0,8.0,0.8,25.9,7470.0,0.0,0.800436542
6.14079923706431,7.745966692414834,0.0,5.0,2.0,2.0,0.7,22.94,10500.0,0.0,0.800415742
5.893005235732502,8.660254037844387,0.0,5.0,2.0,10.0,0.7,22.52,10080.0,0.0,0.800020563
5.35912814544257,0.0,1.0,5.0,2.0,5.0,0.7,4.15,2400.0,0.0,0.758173077
6.121273396148092,7.0710678118654755,0.0,5.0,2.0,5.0,0.7,20.4,10440.0,0.0,0.750344828
5.809395326655986,7.937253933193772,0.0,5.0,2.0,3.0,0.7,22.52,10260.0,0.0,0.750068049
6.453939200156526,7.0710678118654755,0.0,5.0,2.0,11.0,0.7,14.89,10260.0,0.0,0.700170388
6.319608460611442,5.830951894845301,0.0,5.0,2.0,1.0,0.65,22.94,10260.0,0.0,0.700029771
5.940080599516702,4.795831523312719,0.0,5.0,2.0,12.0,0.6,15.26,6360.0,0.0,0.60017284
4.892535975502347,0.0,1.0,5.0,2.0,8.0,0.8,2.9,2400.0,0.0,0.594871795
5.2453439338517365,5.385164807134504,0.0,5.0,2.0,9.0,0.8,54.56,4140.0,0.0,0.520237649
4.565738060799483,0.0,1.0,5.0,2.0,1.0,0.65,3.94,2400.0,0.0,0.505128205
6.439944309282142,4.795831523312719,0.0,5.0,2.0,7.0,0.5,22.52,10080.0,0.0,0.500241342
4.419674795969348,0.0,1.0,5.0,2.0,11.0,0.7,4.15,2700.0,0.0,0.470769231
6.19773649256108,0.0,1.0,3.0,3.0,7.0,0.6,3.94,6000.0,0.0,0.957638889
6.1701178572867645,0.0,1.0,3.0,3.0,10.0,0.75,3.94,8400.0,0.0,0.9407010579999999
5.248805066671062,9.0,0.0,3.0,3.0,4.0,0.75,22.52,10080.0,0.0,0.8499837659999999
6.233676159013307,7.745966692414834,0.0,3.0,3.0,2.0,0.7,22.94,10620.0,0.0,0.8003027909999999
5.559053361924572,7.937253933193772,0.0,3.0,3.0,6.0,0.8,11.61,6360.0,0.0,0.8001919890000001
6.036698958584666,7.416198487095663,0.0,3.0,3.0,10.0,0.75,22.52,10080.0,0.0,0.800020563
6.099356562415133,7.937253933193772,0.0,3.0,3.0,1.0,0.7,22.94,12180.0,0.0,0.750162367
5.938887452806021,7.937253933193772,0.0,3.0,3.0,3.0,0.7,22.52,10260.0,0.0,0.750068049
5.816095346937065,0.0,1.0,3.0,3.0,5.0,0.7,4.15,9000.0,0.0,0.742901235
6.202480803947941,6.324555320336759,0.0,3.0,3.0,5.0,0.7,20.4,10440.0,0.0,0.7002507840000001
6.569816109284527,7.0710678118654755,0.0,3.0,3.0,11.0,0.7,14.89,10260.0,0.0,0.700170388
5.66808097535115,0.0,1.0,3.0,3.0,4.0,0.75,4.3,9000.0,0.0,0.670216049
5.624046949194997,0.0,1.0,3.0,3.0,1.0,0.7,3.94,15000.0,0.0,0.649662222
5.624046949194997,0.0,1.0,3.0,3.0,2.0,0.7,3.94,15000.0,0.0,0.649662222
5.573871421984206,0.0,1.0,3.0,3.0,6.0,0.8,2.9,4800.0,0.0,0.626822917
6.215015352487549,4.795831523312719,0.0,3.0,3.0,12.0,0.6,15.26,6960.0,0.0,0.600436426
6.566286795032654,4.795831523312719,0.0,3.0,3.0,7.0,0.6,22.52,10260.0,0.0,0.60041361
5.595082813059791,5.477225575051661,0.0,3.0,3.0,8.0,0.8,40.99,10770.0,0.0,0.555500132
5.580754698496868,5.477225575051661,0.0,3.0,3.0,9.0,0.5,29.12,10440.0,0.0,0.500547544
5.159789002809604,0.0,1.0,3.0,3.0,3.0,0.7,3.94,12000.0,0.0,0.460578704
4.97356780238742,0.0,1.0,3.0,3.0,8.0,0.8,2.9,4800.0,0.0,0.39774305600000004
4.736731046380363,0.0,1.0,3.0,3.0,12.0,0.6,4.08,5400.0,0.0,0.327407407
6.542641785722061,0.0,1.0,1.0,3.0,5.0,0.7,4.15,2700.0,0.0,0.966666667
6.501747802110377,0.0,1.0,1.0,3.0,10.0,0.75,3.94,1800.0,0.0,0.937242424
6.463930947441133,0.0,1.0,1.0,3.0,8.0,0.8,2.9,1620.0,0.0,0.910521886
6.330476271105339,9.695359714832659,0.0,1.0,3.0,2.0,0.75,22.94,10260.0,0.0,0.90064806
5.192584859723096,9.695359714832659,0.0,1.0,3.0,4.0,0.75,22.52,10260.0,0.0,0.9003211059999999
6.4431297036684985,0.0,1.0,1.0,3.0,11.0,0.75,4.15,1800.0,0.0,0.8960227270000001
6.442310448166625,0.0,1.0,1.0,3.0,3.0,0.75,3.94,1440.0,0.0,0.895454545
6.4061348662656705,0.0,1.0,1.0,3.0,7.0,0.65,3.94,2160.0,0.0,0.8705808079999999
6.388468518891441,0.0,1.0,1.0,3.0,12.0,0.7,4.08,1620.0,0.0,0.8585858590000001
6.194082029364945,8.660254037844387,0.0,1.0,3.0,1.0,0.7,22.94,10260.0,0.0,0.800643806
6.041239540176281,8.306623862918075,0.0,1.0,3.0,10.0,0.75,22.52,10080.0,0.0,0.80062987
5.636023451737686,7.937253933193772,0.0,1.0,3.0,6.0,0.8,11.61,5640.0,0.0,0.800537143
5.964972233742115,8.306623862918075,0.0,1.0,3.0,3.0,0.75,22.52,10260.0,0.0,0.80035194
6.023015382217956,6.324555320336759,0.0,1.0,3.0,12.0,0.75,15.26,6120.0,0.0,0.750079323
5.98373023956932,7.483314773547883,0.0,1.0,3.0,11.0,0.75,42.97,10260.0,0.0,0.7500412009999999
6.097151842531249,7.0710678118654755,0.0,1.0,3.0,5.0,0.7,20.4,10440.0,0.0,0.7002507840000001
6.057360602082317,0.0,1.0,1.0,3.0,4.0,0.75,4.3,2160.0,0.0,0.651515152
5.998842257543797,5.0990195135927845,0.0,1.0,3.0,7.0,0.65,22.52,10170.0,0.0,0.650416734
5.514871952411144,4.795831523312719,0.0,1.0,3.0,9.0,0.6,29.12,6660.0,0.0,0.600125217
5.926158723859731,0.0,1.0,1.0,3.0,2.0,0.75,3.94,1440.0,0.0,0.578314394
5.926158723859731,0.0,1.0,1.0,3.0,1.0,0.7,3.94,1440.0,0.0,0.578314394
6.168678560346688,4.795831523312719,0.0,1.0,3.0,8.0,0.35,15.09,9360.0,0.0,0.34998951
5.22304504263815,0.0,1.0,1.0,3.0,9.0,0.6,3.94,1440.0,0.0,0.261174242
6.3944236823175125,0.0,1.0,2.0,3.0,5.0,0.7,4.15,3060.0,0.0,0.9737967909999999
6.3889287946163025,0.0,1.0,2.0,3.0,2.0,0.75,3.94,1440.0,0.0,0.970075758
6.3889287946163025,0.0,1.0,2.0,3.0,1.0,0.7,3.94,1440.0,0.0,0.970075758
6.3766337759157565,0.0,1.0,2.0,3.0,3.0,0.75,3.94,1620.0,0.0,0.961784512
6.366746303112805,0.0,1.0,2.0,3.0,10.0,0.75,3.94,3420.0,0.0,0.955151515
6.362062562904243,0.0,1.0,2.0,3.0,4.0,0.75,4.3,2160.0,0.0,0.952020202
5.426312166533632,9.695359714832659,0.0,2.0,3.0,4.0,0.75,22.52,10260.0,0.0,0.9003211059999999
6.359834654479106,9.0,0.0,2.0,3.0,2.0,0.75,22.94,10530.0,0.0,0.850223776
6.404076304106608,8.660254037844387,0.0,2.0,3.0,1.0,0.7,22.94,10530.0,0.0,0.8009096090000001
6.21813716947145,7.416198487095663,0.0,2.0,3.0,3.0,0.75,22.52,10350.0,0.0,0.800513307
5.862224880954257,7.937253933193772,0.0,2.0,3.0,6.0,0.8,11.61,5760.0,0.0,0.8003863640000001
6.131059635856187,8.306623862918075,0.0,2.0,3.0,10.0,0.75,22.52,10080.0,0.0,0.800020563
6.033791931222019,0.0,1.0,2.0,3.0,7.0,0.65,3.94,2520.0,0.0,0.749188312
4.355877174692862,6.324555320336759,0.0,2.0,3.0,7.0,0.7,22.52,10170.0,0.0,0.7005416999999999
6.0,6.324555320336759,0.0,2.0,3.0,12.0,0.7,15.26,6120.0,0.0,0.70043672
5.906397132349366,7.0710678118654755,0.0,2.0,3.0,5.0,0.7,20.4,10440.0,0.0,0.7002507840000001
5.740602242497573,5.0990195135927845,0.0,2.0,3.0,9.0,0.65,29.12,10440.0,0.0,0.650407524
5.789372492106739,0.0,1.0,2.0,3.0,12.0,0.7,4.08,1620.0,0.0,0.6181818179999999
4.802616494093776,6.324555320336759,0.0,2.0,3.0,11.0,0.75,42.97,10260.0,0.0,0.59114168
6.2816271231184775,4.795831523312719,0.0,2.0,3.0,8.0,0.5,15.09,720.0,0.0,0.500061916
5.103130524753813,0.0,1.0,2.0,3.0,8.0,0.8,2.9,720.0,0.0,0.329545455
6.807213307758129,0.0,1.0,0.0,3.0,3.0,0.75,3.94,1800.0,0.0,1.059621212
6.730337873357411,0.0,1.0,0.0,3.0,10.0,0.75,3.94,3780.0,0.0,0.997792208
6.686795970559952,0.0,1.0,0.0,3.0,4.0,0.75,4.3,2160.0,0.0,0.963699495
6.68097499656704,0.0,1.0,0.0,3.0,5.0,0.7,4.15,2700.0,0.0,0.9591919190000001
6.616941762493832,0.0,1.0,0.0,3.0,2.0,0.75,3.94,1800.0,0.0,0.9103787879999999
6.616941762493832,0.0,1.0,0.0,3.0,1.0,0.7,3.94,1800.0,0.0,0.9103787879999999
5.645773188945731,7.745966692414834,0.0,0.0,3.0,4.0,0.8,22.52,10170.0,0.0,0.850312684
5.72201110515261,7.0710678118654755,0.0,0.0,3.0,6.0,0.8,11.61,5760.0,0.0,0.8003863640000001
6.308684291059809,8.306623862918075,0.0,0.0,3.0,3.0,0.75,22.52,10260.0,0.0,0.80035194
6.48074069840786,7.416198487095663,0.0,0.0,3.0,2.0,0.75,22.94,10260.0,0.0,0.800034024
6.4632187916247155,7.745966692414834,0.0,0.0,3.0,1.0,0.7,22.94,10440.0,0.0,0.8000235109999999
5.946035575013606,7.416198487095663,0.0,0.0,3.0,10.0,0.75,22.52,10080.0,0.0,0.800020563
6.420592971684893,0.0,1.0,0.0,3.0,12.0,0.7,4.08,1620.0,0.0,0.769292929
5.782430889738413,7.483314773547883,0.0,0.0,3.0,5.0,0.75,20.4,10320.0,0.0,0.750031447
5.814489058271064,6.324555320336759,0.0,0.0,3.0,9.0,0.7,29.12,10440.0,0.0,0.70061442
6.046900908528636,6.324555320336759,0.0,0.0,3.0,12.0,0.7,15.26,6120.0,0.0,0.70043672
6.233391702225012,0.0,1.0,0.0,3.0,7.0,0.65,3.94,1440.0,0.0,0.646306818
6.242944060281988,4.795831523312719,0.0,0.0,3.0,8.0,0.6,15.09,360.0,0.0,0.600143365
5.2314304321865945,4.795831523312719,0.0,0.0,3.0,11.0,0.35,28.08,10260.0,0.0,0.350066986
6.358862574258973,10.908712114635714,0.0,4.0,3.0,2.0,0.75,22.52,6840.0,0.0,1.000230409
6.003469212203907,10.908712114635714,0.0,4.0,3.0,3.0,0.75,22.52,6840.0,0.0,1.000230409
6.047755061808228,0.0,1.0,4.0,3.0,10.0,0.8,3.94,1440.0,0.0,0.979527778
5.978766693654872,0.0,1.0,4.0,3.0,4.0,0.8,4.3,1440.0,0.0,0.940625
5.952913500851305,0.0,1.0,4.0,3.0,5.0,0.5,4.15,1440.0,0.0,0.926388889
5.803009260803008,8.366600265340756,0.0,4.0,3.0,10.0,0.8,22.52,6720.0,0.0,0.900129762
5.831313564671612,0.0,1.0,4.0,3.0,3.0,0.75,3.94,1440.0,0.0,0.861875
5.766851679784367,7.745966692414834,0.0,4.0,3.0,4.0,0.8,22.52,6780.0,0.0,0.850312684
5.799123397017647,0.0,1.0,4.0,3.0,8.0,0.65,3.94,960.0,0.0,0.845458333
5.7553232918717585,0.0,1.0,4.0,3.0,12.0,0.7,4.15,1080.0,0.0,0.823555556
5.714407024116595,0.0,1.0,4.0,3.0,7.0,0.5,4.15,960.0,0.0,0.8035416670000001
6.576857722937629,7.416198487095663,0.0,4.0,3.0,1.0,0.75,22.94,6960.0,0.0,0.800263218
5.682016496545485,0.0,1.0,4.0,3.0,2.0,0.75,3.94,1200.0,0.0,0.7879999999999999
5.6611976797980725,0.0,1.0,4.0,3.0,1.0,0.75,3.94,1200.0,0.0,0.77815
5.997683844386089,7.0710678118654755,0.0,4.0,3.0,9.0,0.7,29.12,6960.0,0.0,0.700386207
6.183535282393909,6.324555320336759,0.0,4.0,3.0,12.0,0.7,15.26,4080.0,0.0,0.7001647059999999
5.589364785342482,4.795831523312719,0.0,4.0,3.0,8.0,0.65,15.09,240.0,0.0,0.6503071429999999
4.287747230288912,5.830951894845301,0.0,4.0,3.0,6.0,0.8,30.4,3840.0,0.0,0.622828125
5.29667950029439,0.0,1.0,4.0,3.0,6.0,0.8,2.9,960.0,0.0,0.6225
6.176120323109104,5.477225575051661,0.0,4.0,3.0,5.0,0.5,20.79,6960.0,0.0,0.500035345
5.98373023956932,4.795831523312719,0.0,4.0,3.0,11.0,0.5,48.18,6480.0,0.0,0.37046657
6.283643373457732,9.486832980505138,0.0,5.0,3.0,2.0,0.8,22.52,6840.0,0.0,1.000230409
6.06154651402987,10.63014581273465,0.0,5.0,3.0,3.0,0.8,22.52,6840.0,0.0,1.000230409
5.840048541330538,0.0,1.0,5.0,3.0,6.0,0.35,2.9,1800.0,0.0,0.977555556
5.77717671163397,0.0,1.0,5.0,3.0,1.0,0.75,3.94,1200.0,0.0,0.9456
5.6884033124247475,0.0,1.0,5.0,3.0,2.0,0.8,3.94,1800.0,0.0,0.902222222
5.854764982644924,7.745966692414834,0.0,5.0,3.0,10.0,0.8,22.52,6720.0,0.0,0.850532143
6.57421976891164,9.0,0.0,5.0,3.0,1.0,0.75,22.94,6960.0,0.0,0.8503620690000001
5.5545165337105615,0.0,1.0,5.0,3.0,10.0,0.8,3.94,1200.0,0.0,0.840533333
5.68563626610859,9.38083151964686,0.0,5.0,3.0,5.0,0.6,20.79,6960.0,0.0,0.800534483
6.052546420146515,7.0710678118654755,0.0,5.0,3.0,4.0,0.8,22.52,6780.0,0.0,0.800489676
5.352558436764053,0.0,1.0,5.0,3.0,12.0,0.75,4.08,1080.0,0.0,0.7555555559999999
6.050290111676154,7.937253933193772,0.0,5.0,3.0,9.0,0.7,29.12,6960.0,0.0,0.7505931029999999
6.148342568763683,6.708203932499369,0.0,5.0,3.0,12.0,0.75,15.26,3600.0,0.0,0.7502833329999999
5.2677965204828565,0.0,1.0,5.0,3.0,4.0,0.8,4.3,1440.0,0.0,0.7226388890000001
4.749626385964846,0.0,1.0,5.0,3.0,8.0,0.65,4.15,960.0,0.0,0.553333333
6.131059635856187,6.782329983125268,0.0,5.0,3.0,11.0,0.5,20.1,5880.0,0.0,0.5005673079999999
4.281390285856145,0.0,0.0,5.0,3.0,8.0,0.7,38.09,6240.0,0.0,0.46769326899999997
4.7545040867491775,4.795831523312719,0.0,5.0,3.0,6.0,0.35,18.79,1800.0,0.0,0.43799533799999996
4.098650353042857,0.0,1.0,5.0,3.0,7.0,0.6,3.94,960.0,0.0,0.40635416700000004
5.563413977144279,0.0,0.0,5.0,3.0,7.0,0.6,23.54,6600.0,0.0,0.285333333
2.729464536768763,0.0,1.0,5.0,3.0,11.0,0.5,2.9,960.0,0.0,0.259375
6.1343113260131785,10.63014581273465,0.0,3.0,4.0,2.0,0.8,22.52,6840.0,0.0,1.000230409
6.247919955283213,0.0,1.0,3.0,4.0,4.0,0.8,4.3,1200.0,0.0,0.9890000000000001
5.989556096181436,10.0,0.0,3.0,4.0,3.0,0.8,22.52,6840.0,0.0,0.950185965
6.164414002968976,9.38083151964686,0.0,3.0,4.0,4.0,0.8,22.52,6900.0,0.0,0.9008
5.743243422051801,9.38083151964686,0.0,3.0,4.0,10.0,0.8,22.52,6720.0,0.0,0.900129762
6.10049301711599,0.0,1.0,3.0,4.0,6.0,0.5,2.9,1200.0,0.0,0.899
6.063734564945184,0.0,1.0,3.0,4.0,8.0,0.65,4.15,960.0,0.0,0.877552083
6.041179653109256,0.0,1.0,3.0,4.0,11.0,0.6,2.9,960.0,0.0,0.864583333
6.027784943417709,0.0,1.0,3.0,4.0,10.0,0.8,3.94,1200.0,0.0,0.85695
6.02199589663984,0.0,1.0,3.0,4.0,1.0,0.75,3.94,1200.0,0.0,0.853666667
6.303699943097788,9.0,0.0,3.0,4.0,1.0,0.75,22.94,6960.0,0.0,0.8503620690000001
5.84852654546204,7.280109889280518,0.0,3.0,4.0,9.0,0.7,29.12,6960.0,0.0,0.850170115
5.64438346005549,9.0,0.0,3.0,4.0,5.0,0.65,20.79,7080.0,0.0,0.800473729
5.874844594694995,0.0,1.0,3.0,4.0,2.0,0.8,3.94,1200.0,0.0,0.773333333
6.155858237727119,6.708203932499369,0.0,3.0,4.0,12.0,0.75,15.26,4200.0,0.0,0.750646667
5.591255886733081,0.0,1.0,3.0,4.0,12.0,0.75,4.08,1080.0,0.0,0.6346666670000001
6.325543300577833,6.782329983125268,0.0,3.0,4.0,11.0,0.6,20.1,4320.0,0.0,0.60059761
5.174635801483209,4.795831523312719,0.0,3.0,4.0,6.0,0.5,18.79,3960.0,0.0,0.500117677
5.247148621689546,0.0,1.0,3.0,4.0,3.0,0.8,3.94,960.0,0.0,0.4925
5.36746873132726,0.0,0.0,3.0,4.0,7.0,0.65,23.54,6600.0,0.0,0.48791999999999996
5.805566216374199,10.63014581273465,0.0,1.0,4.0,3.0,0.8,22.52,6960.0,0.0,1.000457471
6.113629297075634,10.63014581273465,0.0,1.0,4.0,2.0,0.8,22.52,6840.0,0.0,1.000230409
6.5497895787465055,0.0,1.0,1.0,4.0,2.0,0.8,3.94,1200.0,0.0,0.971866667
6.5497895787465055,0.0,1.0,1.0,4.0,3.0,0.8,3.94,960.0,0.0,0.971866667
6.5497895787465055,0.0,1.0,1.0,4.0,4.0,0.8,3.94,1200.0,0.0,0.971866667
6.5497895787465055,0.0,1.0,1.0,4.0,10.0,0.8,3.94,1200.0,0.0,0.971866667
6.5497895787465055,0.0,1.0,1.0,4.0,1.0,0.75,3.94,1800.0,0.0,0.971866667
6.5497895787465055,0.0,1.0,1.0,4.0,9.0,0.75,3.94,240.0,0.0,0.971866667
6.5497895787465055,0.0,1.0,1.0,4.0,12.0,0.75,4.08,1080.0,0.0,0.971866667
6.5497895787465055,0.0,1.0,1.0,4.0,5.0,0.7,3.94,240.0,0.0,0.971866667
6.5497895787465055,0.0,1.0,1.0,4.0,7.0,0.7,3.94,1200.0,0.0,0.971866667
6.5497895787465055,0.0,1.0,1.0,4.0,8.0,0.65,3.94,960.0,0.0,0.971866667
6.5497895787465055,0.0,1.0,1.0,4.0,11.0,0.65,3.94,600.0,0.0,0.971866667
6.5497895787465055,0.0,1.0,1.0,4.0,6.0,0.6,3.94,1200.0,0.0,0.971866667
5.779843092764728,9.643650760992955,0.0,1.0,4.0,10.0,0.8,22.52,6720.0,0.0,0.920236905
6.151566943214469,9.38083151964686,0.0,1.0,4.0,4.0,0.8,22.52,6660.0,0.0,0.9005370690000001
5.735308919909811,9.0,0.0,1.0,4.0,9.0,0.75,29.12,6840.0,0.0,0.850610526
6.225403179726772,9.0,0.0,1.0,4.0,1.0,0.75,22.94,6960.0,0.0,0.8503620690000001
5.896666626275172,6.708203932499369,0.0,1.0,4.0,12.0,0.75,15.26,4200.0,0.0,0.750646667
4.097908689044531,7.483314773547883,0.0,1.0,4.0,5.0,0.7,50.89,5880.0,0.0,0.656763743
6.135394074502258,7.0,0.0,1.0,4.0,11.0,0.65,20.1,6480.0,0.0,0.650148148
5.316633149861399,4.795831523312719,0.0,1.0,4.0,6.0,0.6,18.79,3960.0,0.0,0.600710606
5.770758321979307,0.0,0.0,1.0,4.0,7.0,0.7,23.54,6720.0,0.0,0.388830357
5.815760401751049,0.0,0.0,1.0,4.0,8.0,0.5,23.54,6480.0,0.0,0.286984568
6.449407587286014,0.0,1.0,2.0,0.0,8.0,0.65,4.15,960.0,0.0,1.0115625
6.11253493933072,10.63014581273465,0.0,2.0,0.0,2.0,0.8,22.52,6900.0,0.0,1.0006713040000002
6.3066919698604815,10.63014581273465,0.0,2.0,0.0,1.0,0.8,22.94,3060.0,0.0,1.000402055
6.3596928985777526,0.0,1.0,2.0,0.0,1.0,0.75,3.94,2280.0,0.0,0.9504385959999999
5.790173505904674,10.0,0.0,2.0,0.0,3.0,0.8,22.52,6840.0,0.0,0.950185965
6.302450613726866,0.0,1.0,2.0,0.0,2.0,0.8,3.94,1200.0,0.0,0.912766667
6.270520953740778,0.0,1.0,2.0,0.0,7.0,0.7,3.94,2160.0,0.0,0.892194444
6.261595969388285,0.0,1.0,2.0,0.0,10.0,0.8,3.94,1200.0,0.0,0.8865
5.98373023956932,8.660254037844387,0.0,2.0,0.0,10.0,0.8,22.52,6720.0,0.0,0.850532143
6.194082029364945,7.745966692414834,0.0,2.0,0.0,4.0,0.8,22.52,7020.0,0.0,0.85011396
6.195482553817418,0.0,1.0,2.0,0.0,4.0,0.8,4.3,1440.0,0.0,0.8450694440000001
5.98373023956932,6.708203932499369,0.0,2.0,0.0,9.0,0.75,29.12,6960.0,0.0,0.7505931029999999
5.976716673808748,6.708203932499369,0.0,2.0,0.0,12.0,0.75,15.26,1440.0,0.0,0.750450658
5.950416978299267,0.0,1.0,2.0,0.0,12.0,0.75,4.08,1080.0,0.0,0.702666667
5.875827856844015,8.660254037844387,0.0,2.0,0.0,11.0,0.7,20.1,6120.0,0.0,0.7005089290000001
5.4480862841287365,5.0990195135927845,0.0,2.0,0.0,6.0,0.65,18.79,3960.0,0.0,0.651007071
5.880751051658382,0.0,0.0,2.0,0.0,8.0,0.6,24.26,6600.0,0.0,0.46682121200000004
6.116908849062525,0.0,0.0,2.0,0.0,7.0,0.7,24.26,6720.0,0.0,0.411553571
5.057910735294485,0.0,1.0,2.0,0.0,6.0,0.6,2.9,1200.0,0.0,0.314166667
11.398717067579016,10.63014581273465,0.0,0.0,0.0,1.0,0.8,22.94,7020.0,0.0,1.000602279
6.725879536136517,0.0,1.0,0.0,0.0,9.0,0.75,3.94,960.0,0.0,0.994270833
12.092812346661015,9.38083151964686,0.0,0.0,0.0,2.0,0.8,22.52,7020.0,0.0,0.900158405
12.07595406549717,8.366600265340756,0.0,0.0,0.0,3.0,0.8,22.52,6840.0,0.0,0.90014152
12.114665429621185,9.38083151964686,0.0,0.0,0.0,10.0,0.8,22.52,6720.0,0.0,0.900129762
6.544653751686809,0.0,1.0,0.0,0.0,10.0,0.8,3.94,1200.0,0.0,0.85695
6.4780093462464565,0.0,1.0,0.0,0.0,4.0,0.8,4.3,1440.0,0.0,0.8092361109999999
10.52280380364483,7.937253933193772,0.0,0.0,0.0,12.0,0.8,15.26,3600.0,0.0,0.8004019609999999
12.33122860862959,7.0710678118654755,0.0,0.0,0.0,4.0,0.8,22.52,5940.0,0.0,0.800393224
9.737872289624544,7.416198487095663,0.0,0.0,0.0,9.0,0.75,29.12,6960.0,0.0,0.7999632179999999
6.3781460346838825,0.0,1.0,0.0,0.0,12.0,0.75,4.08,1080.0,0.0,0.7404444440000001
9.947589407229465,7.745966692414834,0.0,0.0,0.0,11.0,0.7,20.55,6480.0,0.0,0.700398148
7.390940477029337,5.477225575051661,0.0,0.0,0.0,6.0,0.7,18.79,3960.0,0.0,0.700354545
6.094565563781535,0.0,1.0,0.0,0.0,8.0,0.65,4.15,960.0,0.0,0.5619791670000001
5.994377580192042,0.0,1.0,0.0,0.0,1.0,0.75,3.94,2280.0,0.0,0.504596491
5.381960304194047,0.0,0.0,0.0,0.0,5.0,0.5,30.1,6960.0,0.0,0.500801724
7.207098976209652,0.0,0.0,0.0,0.0,7.0,0.7,24.26,6720.0,0.0,0.295307738
5.5448004107906765,0.0,1.0,0.0,0.0,6.0,0.6,2.9,1200.0,0.0,0.280333333
6.154786255407382,0.0,0.0,0.0,0.0,8.0,0.65,24.26,6600.0,0.0,0.260978788
6.08555674170771,0.0,1.0,4.0,0.0,2.0,0.8,3.94,2400.0,0.0,1.001416667
6.223329772884783,10.63014581273465,0.0,4.0,0.0,1.0,0.8,22.52,6900.0,0.0,1.000018551
5.870892255801342,9.486832980505138,0.0,4.0,0.0,10.0,0.8,22.52,6720.0,0.0,0.999995238
6.0742902172136795,0.0,1.0,4.0,0.0,1.0,0.8,3.94,1200.0,0.0,0.99485
6.043307317825192,0.0,1.0,4.0,0.0,8.0,0.7,4.15,960.0,0.0,0.976979167
5.774657046186045,10.0,0.0,4.0,0.0,3.0,0.8,22.52,6840.0,0.0,0.950185965
6.172934291446435,10.0,0.0,4.0,0.0,2.0,0.8,22.52,6960.0,0.0,0.9499816090000001
5.941117185978023,0.0,1.0,4.0,0.0,9.0,0.75,3.94,1320.0,0.0,0.919954545
4.294076025710976,7.937253933193772,0.0,4.0,0.0,4.0,0.8,22.52,5460.0,0.0,0.800434622
5.663746980991549,7.0710678118654755,0.0,4.0,0.0,12.0,0.8,15.26,2040.0,0.0,0.800259023
5.661351165022604,0.0,1.0,4.0,0.0,12.0,0.8,4.08,1080.0,0.0,0.778222222
5.719340387456604,5.830951894845301,0.0,4.0,0.0,9.0,0.75,29.12,6960.0,0.0,0.7505931029999999
5.545909573592,7.745966692414834,0.0,4.0,0.0,11.0,0.7,25.31,5760.0,0.0,0.7005135659999999
5.4968982034849665,5.477225575051661,0.0,4.0,0.0,6.0,0.7,18.79,4020.0,0.0,0.700184577
6.076086724525043,0.0,0.0,4.0,0.0,8.0,0.7,24.26,6660.0,0.0,0.586465465
6.362748223841198,0.0,0.0,4.0,0.0,7.0,0.7,24.26,6720.0,0.0,0.541517857
5.060816907106254,0.0,1.0,4.0,0.0,4.0,0.8,4.3,1440.0,0.0,0.5375
4.930688112316931,0.0,1.0,4.0,0.0,6.0,0.7,2.9,960.0,0.0,0.49541666700000003
4.513485215159496,0.0,0.0,4.0,0.0,5.0,0.6,30.1,6960.0,0.0,0.415172414
5.961435337889166,10.0,0.0,5.0,0.0,2.0,0.8,22.52,6900.0,0.0,1.05028058
5.577875793902916,10.63014581273465,0.0,5.0,0.0,3.0,0.8,22.52,6840.0,0.0,1.000230409
5.7694569895429915,10.63014581273465,0.0,5.0,0.0,10.0,0.8,22.52,6720.0,0.0,0.999995238
5.8190344846595545,0.0,1.0,5.0,0.0,2.0,0.8,3.94,2160.0,0.0,0.966759259
5.744062571418984,0.0,1.0,5.0,0.0,1.0,0.8,3.94,1200.0,0.0,0.929183333
5.716568045541365,0.0,1.0,5.0,0.0,8.0,0.7,4.15,3000.0,0.0,0.915766667
6.256258592926115,9.38083151964686,0.0,5.0,0.0,1.0,0.8,22.52,6900.0,0.0,0.900147246
5.751145174405047,6.164414002968976,0.0,5.0,0.0,12.0,0.8,15.26,4080.0,0.0,0.8004019609999999
5.740602242497573,7.0710678118654755,0.0,5.0,0.0,9.0,0.8,22.52,6960.0,0.0,0.7999632179999999
5.412486684880347,0.0,1.0,5.0,0.0,7.0,0.7,3.94,960.0,0.0,0.779791667
5.351580298746463,0.0,1.0,5.0,0.0,9.0,0.75,3.94,960.0,0.0,0.755166667
5.538566899510733,5.477225575051661,0.0,5.0,0.0,6.0,0.7,18.79,3360.0,0.0,0.700710417
6.193029777219726,0.0,0.0,5.0,0.0,7.0,0.7,24.26,6960.0,0.0,0.7006120690000001
5.681551265555733,7.745966692414834,0.0,5.0,0.0,11.0,0.7,10.05,6120.0,0.0,0.7002788459999999
5.943655732401683,0.0,0.0,5.0,0.0,8.0,0.7,29.12,6840.0,0.0,0.700135088
5.172707561803061,0.0,1.0,5.0,0.0,12.0,0.8,4.08,1080.0,0.0,0.687555556
4.249172870720582,0.0,0.0,5.0,0.0,5.0,0.65,30.1,5820.0,0.0,0.6508348079999999
4.669654523814879,0.0,1.0,5.0,0.0,6.0,0.7,2.9,960.0,0.0,0.531666667
4.115953637505823,4.795831523312719,0.0,5.0,0.0,4.0,0.35,30.1,6060.0,0.0,0.350706422
6.004624280888846,10.63014581273465,0.0,3.0,0.0,2.0,0.8,22.52,6780.0,0.0,1.0004460179999999
6.207712762040089,10.63014581273465,0.0,3.0,0.0,1.0,0.8,22.52,6900.0,0.0,1.000018551
5.677457434677287,10.63014581273465,0.0,3.0,0.0,10.0,0.8,22.52,6720.0,0.0,0.999995238
6.265120082571252,0.0,1.0,3.0,0.0,2.0,0.8,3.94,2640.0,0.0,0.9999242420000001
5.70996329005732,10.0,0.0,3.0,0.0,3.0,0.8,22.52,6840.0,0.0,0.950185965
6.173068828110035,0.0,1.0,3.0,0.0,6.0,0.7,2.9,960.0,0.0,0.9425
6.113472747946776,0.0,1.0,3.0,0.0,12.0,0.8,4.08,1080.0,0.0,0.906666667
6.010367456952174,0.0,1.0,3.0,0.0,7.0,0.7,3.94,1200.0,0.0,0.8471
6.007449775130634,0.0,1.0,3.0,0.0,1.0,0.8,3.94,1440.0,0.0,0.845458333
5.736633624679954,6.164414002968976,0.0,3.0,0.0,12.0,0.8,15.26,720.0,0.0,0.800612676
5.7180036243905645,7.0710678118654755,0.0,3.0,0.0,9.0,0.8,29.12,6960.0,0.0,0.7999632179999999
5.871513722636223,0.0,1.0,3.0,0.0,10.0,0.8,3.94,960.0,0.0,0.7715833329999999
5.083866242009144,5.830951894845301,0.0,3.0,0.0,11.0,0.75,10.05,2520.0,0.0,0.7504
5.260865423691818,5.477225575051661,0.0,3.0,0.0,6.0,0.7,18.79,2760.0,0.0,0.700079032
4.85807034144339,0.0,0.0,3.0,0.0,5.0,0.7,30.1,6960.0,0.0,0.562212644
6.3324462343968495,0.0,0.0,3.0,0.0,7.0,0.07,24.26,6960.0,0.0,0.522844828
4.518913349098668,4.795831523312719,0.0,3.0,0.0,4.0,0.5,30.1,6360.0,1.0,0.500720126
5.844773879721734,0.0,0.0,3.0,0.0,8.0,0.7,24.26,6840.0,0.0,0.496549708
6.655349533572262,0.0,1.0,1.0,0.0,2.0,0.8,3.94,3000.0,0.0,1.050666667
5.868419780097971,10.63014581273465,0.0,1.0,0.0,2.0,0.8,22.52,6900.0,0.0,1.000018551
5.705930352904723,10.0,0.0,1.0,0.0,3.0,0.8,22.52,6840.0,0.0,0.950185965
6.258299453935732,9.38083151964686,0.0,1.0,0.0,1.0,0.8,22.52,6780.0,0.0,0.900135693
5.8132168803023,9.38083151964686,0.0,1.0,0.0,10.0,0.8,22.52,6720.0,0.0,0.900129762
6.447577354615321,0.0,1.0,1.0,0.0,12.0,0.8,4.08,1080.0,0.0,0.899111111
6.405405077915998,0.0,1.0,1.0,0.0,1.0,0.8,3.94,1200.0,0.0,0.870083333
6.369524248800331,0.0,1.0,1.0,0.0,6.0,0.75,2.9,960.0,0.0,0.845833333
5.652706486041966,7.937253933193772,0.0,1.0,0.0,12.0,0.8,15.26,4080.0,0.0,0.8004019609999999
5.365851292924165,7.0710678118654755,0.0,1.0,0.0,9.0,0.8,29.12,6960.0,0.0,0.7999632179999999
6.255716499063213,0.0,1.0,1.0,0.0,9.0,0.8,3.94,960.0,0.0,0.7715833329999999
5.339771049283527,5.830951894845301,0.0,1.0,0.0,6.0,0.75,18.79,1560.0,0.0,0.750520115
5.100904200484006,6.708203932499369,0.0,1.0,0.0,11.0,0.75,10.05,3240.0,0.0,0.750027778
6.165883007159866,0.0,1.0,1.0,0.0,7.0,0.7,3.94,1200.0,0.0,0.715766667
5.06473204392506,0.0,0.0,1.0,0.0,7.0,0.7,24.26,6960.0,0.0,0.662270115
4.6952537402198615,5.477225575051661,0.0,1.0,0.0,4.0,0.6,30.1,6780.0,1.0,0.600224189
5.119637178957344,0.0,0.0,1.0,0.0,5.0,0.7,30.1,7500.0,0.0,0.545657673
5.6682035918648825,0.0,1.0,1.0,0.0,4.0,0.8,4.3,960.0,0.0,0.44791666700000005
5.053146610737453,0.0,0.0,1.0,0.0,8.0,0.7,24.26,6840.0,0.0,0.36531871299999996
5.925715124114462,10.63014581273465,0.0,2.0,1.0,2.0,0.8,22.52,6900.0,0.0,1.000018551
6.326821393636314,0.0,1.0,2.0,1.0,7.0,0.7,4.15,1440.0,0.0,0.928680556
6.1037588435647026,9.38083151964686,0.0,2.0,1.0,10.0,0.8,22.52,6720.0,0.0,0.9008
6.339326667306255,9.38083151964686,0.0,2.0,1.0,1.0,0.8,22.52,6780.0,0.0,0.900135693
5.984896772471906,9.38083151964686,0.0,2.0,1.0,3.0,0.8,22.52,6720.0,0.0,0.900129762
6.271884640672541,0.0,1.0,2.0,1.0,1.0,0.8,3.94,1200.0,0.0,0.893066667
6.269521512241837,0.0,1.0,2.0,1.0,12.0,0.8,4.08,1080.0,0.0,0.8915555559999999
6.2443346294699955,0.0,1.0,2.0,1.0,2.0,0.8,3.94,2160.0,0.0,0.8755555559999999
6.18869267195999,0.0,1.0,2.0,1.0,8.0,0.7,4.15,1800.0,0.0,0.840888889
5.659614364609476,7.937253933193772,0.0,2.0,1.0,12.0,0.8,15.26,2880.0,0.0,0.8003552079999999
5.490867587491313,7.0710678118654755,0.0,2.0,1.0,9.0,0.8,29.12,6960.0,0.0,0.7999632179999999
5.087667266153475,5.830951894845301,0.0,2.0,1.0,6.0,0.75,18.79,3960.0,0.0,0.75065101
5.007980871366114,6.708203932499369,0.0,2.0,1.0,11.0,0.75,10.05,3240.0,0.0,0.750027778
5.2401393526787015,0.0,0.0,2.0,1.0,5.0,0.7,30.1,7020.0,0.0,0.700618234
5.773461981951615,0.0,1.0,2.0,1.0,6.0,0.75,2.9,960.0,0.0,0.610208333
5.767860198289603,0.0,1.0,2.0,1.0,9.0,0.8,3.94,960.0,0.0,0.6074166670000001
5.165590782113181,6.6332495807108,0.0,2.0,1.0,4.0,0.65,30.1,6780.0,1.0,0.568259587
3.4879112747597865,0.0,0.0,2.0,1.0,7.0,0.7,24.26,6960.0,0.0,0.35553448299999996
3.522736669975611,0.0,0.0,2.0,1.0,8.0,0.7,24.26,6840.0,0.0,0.353259649
6.805185272808942,0.0,1.0,0.0,1.0,2.0,0.8,3.94,2160.0,0.0,1.057962963
6.684624586004421,0.0,1.0,0.0,1.0,1.0,0.8,3.94,1200.0,0.0,0.962016667
5.7940331948642685,9.38083151964686,0.0,0.0,1.0,10.0,0.8,22.52,120.0,0.0,0.9008
6.229543789384943,8.366600265340756,0.0,0.0,1.0,1.0,0.8,22.52,3600.0,0.0,0.9005090440000001
6.131059635856187,8.366600265340756,0.0,0.0,1.0,2.0,0.8,22.52,360.0,0.0,0.900477825
6.587121696905109,0.0,1.0,0.0,1.0,6.0,0.75,2.9,960.0,0.0,0.888125
5.580754698496868,7.937253933193772,0.0,0.0,1.0,12.0,0.8,15.26,4080.0,0.0,0.8004019609999999
5.970853116594962,7.0710678118654755,0.0,0.0,1.0,3.0,0.8,22.52,5400.0,0.0,0.800161172
5.72334506283855,7.0710678118654755,0.0,0.0,1.0,9.0,0.8,29.12,6960.0,0.0,0.7999632179999999
5.262581576398836,7.0710678118654755,0.0,0.0,1.0,4.0,0.7,30.1,3300.0,1.0,0.7900032359999999
3.1857325005549697,6.708203932499369,0.0,0.0,1.0,11.0,0.75,10.05,0.0,0.0,0.750648148
6.328020616085074,0.0,1.0,0.0,1.0,8.0,0.35,4.15,1800.0,0.0,0.7071111109999999
5.272843402654368,6.324555320336759,0.0,0.0,1.0,5.0,0.7,30.1,7020.0,0.0,0.700618234
6.313663391212806,0.0,1.0,0.0,1.0,9.0,0.8,3.94,960.0,0.0,0.697708333
5.1583204040947415,0.0,0.0,0.0,1.0,6.0,0.75,18.79,4080.0,0.0,0.612517157
5.386764915707183,0.0,0.0,0.0,1.0,7.0,0.35,30.1,6960.0,1.0,0.350301724
5.478746393072713,0.0,0.0,0.0,1.0,8.0,0.35,30.1,6960.0,1.0,0.350301724
5.525853986594982,0.0,1.0,0.0,1.0,12.0,0.8,4.08,1080.0,0.0,0.272
6.091488879818891,0.0,1.0,4.0,1.0,12.0,0.8,4.08,1080.0,0.0,1.004888889
6.025372523544609,0.0,1.0,4.0,1.0,2.0,0.8,3.94,2160.0,0.0,0.966759259
5.9673266736060055,9.38083151964686,0.0,4.0,1.0,10.0,0.8,22.52,0.0,0.0,0.90063244
6.2705028907317315,9.38083151964686,0.0,4.0,1.0,1.0,0.8,22.52,0.0,0.0,0.90047076
5.339771049283527,9.38083151964686,0.0,4.0,1.0,3.0,0.8,22.52,0.0,0.0,0.90047076
6.23573926575247,9.38083151964686,0.0,4.0,1.0,2.0,0.8,22.52,0.0,0.0,0.8999840579999999
5.815285301564483,0.0,1.0,4.0,1.0,1.0,0.8,3.94,1440.0,0.0,0.853666667
5.961435337889166,6.164414002968976,0.0,4.0,1.0,9.0,0.8,29.12,2160.0,0.0,0.8008
5.477225575051661,7.0710678118654755,0.0,4.0,1.0,12.0,0.8,15.26,4080.0,0.0,0.8004019609999999
5.7003319068724725,0.0,1.0,4.0,1.0,4.0,0.7,4.15,1800.0,0.0,0.7967555559999999
5.029733718731742,0.0,0.0,4.0,1.0,6.0,0.75,18.79,2400.0,0.0,0.750797009
1.8988289221159418,5.830951894845301,0.0,4.0,1.0,11.0,0.8,10.05,3240.0,0.0,0.750648148
5.407437751322422,6.708203932499369,0.0,4.0,1.0,5.0,0.75,30.1,7020.0,0.0,0.750356125
5.496033236997604,0.0,1.0,4.0,1.0,8.0,0.35,4.15,960.0,0.0,0.703770833
5.407437751322422,6.324555320336759,0.0,4.0,1.0,4.0,0.7,30.1,7020.0,1.0,0.700618234
5.462582331916006,0.0,1.0,4.0,1.0,9.0,0.8,3.94,960.0,0.0,0.6895
5.311752233295533,0.0,1.0,4.0,1.0,6.0,0.75,2.9,960.0,0.0,0.6283333329999999
5.6582348119501225,4.795831523312719,0.0,4.0,1.0,7.0,0.5,30.1,6960.0,1.0,0.500801724
5.70727561537067,5.477225575051661,0.0,4.0,1.0,8.0,0.5,30.1,6960.0,1.0,0.39354885100000003
5.9448324341588465,0.0,1.0,5.0,1.0,4.0,0.7,4.15,1800.0,0.0,1.0331555559999999
5.920538767368786,0.0,1.0,5.0,1.0,12.0,0.8,4.08,1080.0,0.0,1.02
6.2816271231184775,9.486832980505138,0.0,5.0,1.0,2.0,0.8,22.52,0.0,0.0,1.000344928
6.221254291598058,10.63014581273465,0.0,5.0,1.0,1.0,0.8,22.52,0.0,0.0,1.000065789
5.872341027196369,0.0,1.0,5.0,1.0,8.0,0.35,4.15,1440.0,0.0,0.994375
5.708854066383658,0.0,1.0,5.0,1.0,2.0,0.8,3.94,2160.0,0.0,0.912037037
5.619664198154609,0.0,1.0,5.0,1.0,5.0,0.7,4.15,240.0,0.0,0.87
4.945102478339045,8.660254037844387,0.0,5.0,1.0,10.0,0.8,22.52,0.0,0.0,0.850364583
5.060879068870486,6.164414002968976,0.0,5.0,1.0,6.0,0.8,18.79,3480.0,0.0,0.800947475
5.405855935224774,7.0710678118654755,0.0,5.0,1.0,12.0,0.8,15.26,4080.0,0.0,0.8004019609999999
4.967688130157341,7.0710678118654755,0.0,5.0,1.0,9.0,0.8,29.12,3240.0,0.0,0.8001441440000001
5.298239112689838,7.483314773547883,0.0,5.0,1.0,5.0,0.75,30.1,7380.0,0.0,0.750406233
5.7180036243905645,5.477225575051661,0.0,5.0,1.0,8.0,0.6,30.1,4560.0,1.0,0.714410494
5.081962528422451,6.324555320336759,0.0,5.0,1.0,4.0,0.7,30.1,5940.0,1.0,0.7005884059999999
4.9681075988163075,0.0,1.0,5.0,1.0,1.0,0.8,3.94,1440.0,0.0,0.618361111
5.365851292924165,4.795831523312719,0.0,5.0,1.0,7.0,0.6,30.1,3360.0,1.0,0.6000705129999999
4.707379611799892,0.0,1.0,5.0,1.0,9.0,0.8,3.94,960.0,0.0,0.54175
1.8211602868378718,0.0,0.0,5.0,1.0,3.0,0.8,22.52,6840.0,1.0,0.536901754
4.564281614449273,0.0,0.0,5.0,1.0,11.0,0.35,11.41,3240.0,1.0,0.507903226
6.113629297075634,11.74734012447073,0.0,3.0,1.0,1.0,0.8,22.52,0.0,0.0,1.100483918
6.411547930843158,0.0,1.0,3.0,1.0,4.0,0.7,4.15,1800.0,0.0,1.096633333
6.035562210778211,10.63014581273465,0.0,3.0,1.0,2.0,0.8,22.52,0.0,0.0,1.000344928
5.995333765019784,0.0,1.0,3.0,1.0,12.0,0.8,4.08,1080.0,0.0,0.838666667
5.468073954826517,7.0710678118654755,0.0,3.0,1.0,12.0,0.8,15.26,4080.0,0.0,0.8004019609999999
5.840605708392708,0.0,1.0,3.0,1.0,8.0,0.35,4.15,1440.0,0.0,0.755486111
4.96972615648558,7.483314773547883,0.0,3.0,1.0,5.0,0.75,30.1,7080.0,0.0,0.750799435
5.283045662674678,0.0,0.0,3.0,1.0,6.0,0.8,18.79,3960.0,0.0,0.688017677
5.65673708296836,0.0,1.0,3.0,1.0,1.0,0.8,3.94,1440.0,0.0,0.664875
5.639169162746635,0.0,1.0,3.0,1.0,9.0,0.8,3.94,960.0,0.0,0.656666667
4.524321992349652,0.0,0.0,3.0,1.0,4.0,0.7,30.1,7080.0,1.0,0.637711864
5.517628038655537,0.0,1.0,3.0,1.0,2.0,0.8,3.94,2160.0,0.0,0.601944444
5.4665490507078385,0.0,1.0,3.0,1.0,5.0,0.7,4.15,240.0,0.0,0.58
5.490867587491313,0.0,0.0,3.0,1.0,7.0,0.65,30.1,7080.0,1.0,0.5356779660000001
5.677457434677287,0.0,0.0,3.0,1.0,11.0,0.5,11.41,2280.0,2.0,0.50012336
1.9343364202676694,0.0,0.0,3.0,1.0,9.0,0.8,29.12,6960.0,0.0,0.497885057
5.877059815787235,0.0,0.0,3.0,1.0,8.0,0.65,30.1,7080.0,1.0,0.463403955
1.7782794100389228,0.0,0.0,3.0,1.0,10.0,0.8,22.52,6000.0,0.0,0.441392
5.267719986011331,0.0,0.0,3.0,1.0,3.0,0.35,30.1,6960.0,1.0,0.350301724
6.1343113260131785,10.63014581273465,0.0,1.0,1.0,1.0,0.8,22.52,6840.0,0.0,1.000230409
6.490544695767979,0.0,1.0,1.0,1.0,7.0,0.7,4.15,1800.0,0.0,0.929277778
6.453045193445425,0.0,1.0,1.0,1.0,4.0,0.75,4.15,2400.0,0.0,0.9029166670000001
6.301373447405974,0.0,1.0,1.0,1.0,12.0,0.8,4.08,1080.0,0.0,0.8008888890000001
5.540037771211097,7.937253933193772,0.0,1.0,1.0,12.0,0.8,15.26,4080.0,0.0,0.8004019609999999
5.0952438579026165,7.937253933193772,0.0,1.0,1.0,2.0,0.8,22.52,3660.0,0.0,0.80037492
6.294147770423323,0.0,1.0,1.0,1.0,1.0,0.8,3.94,1440.0,0.0,0.7962083329999999
4.68313059816415,0.0,0.0,1.0,1.0,4.0,0.75,30.1,7140.0,1.0,0.7503921570000001
5.0762385142396775,7.483314773547883,0.0,1.0,1.0,5.0,0.75,30.1,7140.0,0.0,0.7503921570000001
6.182035929433084,0.0,1.0,1.0,1.0,8.0,0.7,4.15,960.0,0.0,0.725625
5.357742079347852,0.0,0.0,1.0,1.0,8.0,0.7,30.1,5160.0,1.0,0.700206125
5.561961578122959,0.0,0.0,1.0,1.0,7.0,0.7,30.1,7200.0,1.0,0.602
5.677457434677287,4.795831523312719,0.0,1.0,1.0,11.0,0.6,11.41,2280.0,2.0,0.600447507
5.354488058970988,0.0,0.0,1.0,1.0,6.0,0.8,18.79,4080.0,0.0,0.557252451
5.959073905325341,5.477225575051661,0.0,1.0,1.0,3.0,0.5,30.1,6960.0,1.0,0.500801724
5.741751030309104,0.0,1.0,1.0,1.0,6.0,0.8,2.9,960.0,0.0,0.483333333
5.159284374637493,0.0,1.0,1.0,1.0,9.0,0.8,3.94,960.0,0.0,0.23804166699999998
6.600511651318074,0.0,1.0,2.0,2.0,1.0,0.8,3.94,960.0,0.0,1.1204375
6.583939110359174,0.0,1.0,2.0,2.0,2.0,0.8,3.94,960.0,0.0,1.108125
6.1386388851954425,10.63014581273465,0.0,2.0,2.0,1.0,0.8,22.52,6840.0,0.0,1.000230409
6.24574191236796,0.0,1.0,2.0,2.0,12.0,0.8,4.08,1080.0,0.0,0.8764444440000001
5.785015217038156,7.0710678118654755,0.0,2.0,2.0,12.0,0.8,15.26,1440.0,0.0,0.8008063059999999
6.054130189509729,0.0,1.0,2.0,2.0,5.0,0.75,4.15,240.0,0.0,0.760833333
5.104667319384365,0.0,0.0,2.0,2.0,5.0,0.8,30.1,7140.0,0.0,0.722568627
5.973465195628308,0.0,1.0,2.0,2.0,11.0,0.6,2.9,1200.0,0.0,0.715333333
5.4480862841287365,0.0,0.0,2.0,2.0,7.0,0.7,30.1,7080.0,1.0,0.700632768
4.7451723360058695,6.324555320336759,0.0,2.0,2.0,8.0,0.7,30.1,5880.0,1.0,0.7005730990000001
5.341412288465871,0.0,0.0,2.0,2.0,6.0,0.75,18.79,4080.0,0.0,0.681598039
5.143686723610402,4.795831523312719,0.0,2.0,2.0,11.0,0.65,11.41,2640.0,2.0,0.650223718
5.763417343788418,0.0,1.0,2.0,2.0,8.0,0.7,4.15,960.0,0.0,0.605208333
5.761318088512201,0.0,1.0,2.0,2.0,6.0,0.8,2.9,960.0,0.0,0.604166667
5.5059070808040556,0.0,0.0,2.0,2.0,4.0,0.75,30.1,7140.0,1.0,0.598627451
6.0738565583485284,5.477225575051661,0.0,2.0,2.0,3.0,0.6,30.1,6960.0,1.0,0.475718391
1.8612097182041991,0.0,0.0,2.0,2.0,2.0,0.8,22.52,6900.0,0.0,0.432122899
4.975062972789808,0.0,1.0,2.0,2.0,4.0,0.75,4.15,2400.0,0.0,0.287041667
6.409779806541585,0.0,0.0,2.0,2.0,9.0,0.5,18.79,5280.0,1.0,0.28305448699999997
6.14079923706431,10.63014581273465,0.0,0.0,2.0,1.0,0.8,22.52,6840.0,0.0,1.000230409
6.682579646575706,0.0,1.0,0.0,2.0,9.0,0.8,3.94,1200.0,0.0,0.960433333
6.591745080502394,0.0,1.0,0.0,2.0,12.0,0.8,4.08,1080.0,0.0,0.8915555559999999
6.555128687098302,0.0,1.0,0.0,2.0,3.0,0.5,4.15,960.0,0.0,0.864583333
5.961435337889166,7.937253933193772,0.0,0.0,2.0,3.0,0.65,30.1,600.0,1.0,0.802243319
4.63367139033228,0.0,0.0,0.0,2.0,5.0,0.8,30.1,0.0,0.0,0.800980392
5.731329288333876,6.164414002968976,0.0,0.0,2.0,12.0,0.8,15.26,3720.0,0.0,0.800312375
6.4264711492101565,0.0,1.0,0.0,2.0,6.0,0.8,2.9,960.0,0.0,0.773333333
5.469602417297183,0.0,0.0,0.0,2.0,6.0,0.75,18.79,3960.0,0.0,0.75065101
5.495392410108945,0.0,0.0,0.0,2.0,4.0,0.75,30.1,7020.0,1.0,0.750356125
6.35105852997982,0.0,1.0,0.0,2.0,4.0,0.75,4.15,1800.0,0.0,0.722333333
5.291502622129181,5.477225575051661,0.0,0.0,2.0,7.0,0.7,30.1,600.0,1.0,0.7004598890000001
6.206325355513688,0.0,1.0,0.0,2.0,5.0,0.75,4.15,1200.0,0.0,0.629416667
1.6265765616977859,5.196152422706632,0.0,0.0,2.0,8.0,0.7,30.1,7080.0,2.0,0.621971751
5.106545762138101,5.477225575051661,0.0,0.0,2.0,11.0,0.7,11.41,2160.0,2.0,0.5659722220000001
5.799167478319666,0.0,0.0,0.0,2.0,10.0,0.6,18.22,5280.0,1.0,0.35542803
6.771888802335166,0.0,0.0,0.0,2.0,9.0,0.6,18.79,5400.0,1.0,0.329964879
5.493578237752097,0.0,1.0,0.0,2.0,7.0,0.7,4.15,1800.0,0.0,0.258
6.165480972113727,10.63014581273465,0.0,4.0,2.0,1.0,0.8,22.52,6840.0,0.0,1.000230409
5.955019538769341,0.0,1.0,4.0,2.0,10.0,0.8,3.94,960.0,0.0,0.9275416670000001
5.929675235212689,0.0,1.0,4.0,2.0,7.0,0.7,5.13,1200.0,0.0,0.91375
5.908758296783736,0.0,1.0,4.0,2.0,12.0,0.8,5.13,1080.0,0.0,0.9025
5.80172951449942,6.164414002968976,0.0,4.0,2.0,12.0,0.8,15.26,4080.0,0.0,0.8004019609999999
5.679071410978139,0.0,1.0,4.0,2.0,3.0,0.5,5.13,1800.0,0.0,0.7866
5.1907983172740355,0.0,0.0,4.0,2.0,6.0,0.75,18.79,3360.0,0.0,0.7506213540000001
5.397925950646871,6.708203932499369,0.0,4.0,2.0,4.0,0.75,30.1,7020.0,1.0,0.750356125
5.598568540779763,0.0,1.0,4.0,2.0,6.0,0.8,2.9,960.0,0.0,0.749166667
4.868936144812272,5.477225575051661,0.0,4.0,2.0,7.0,0.7,30.1,840.0,1.0,0.700888203
5.6978387272277065,5.477225575051661,0.0,4.0,2.0,11.0,0.7,11.41,3420.0,2.0,0.700614035
6.14079923706431,7.0710678118654755,0.0,4.0,2.0,3.0,0.7,30.1,6960.0,1.0,0.700603448
5.383197220614637,0.0,1.0,4.0,2.0,4.0,0.75,5.13,960.0,0.0,0.656666667
5.106545762138101,0.0,0.0,4.0,2.0,5.0,0.8,30.1,7140.0,0.0,0.653431373
6.785532973384283,0.0,0.0,4.0,2.0,9.0,0.65,18.79,5520.0,1.0,0.650134
3.657743588643093,4.795831523312719,0.0,4.0,2.0,8.0,0.6,29.4,0.0,2.0,0.600982906
5.199426139985341,0.0,1.0,4.0,2.0,9.0,0.8,3.94,960.0,0.0,0.586041667
5.186645604823302,0.0,1.0,4.0,2.0,2.0,0.8,5.13,1800.0,0.0,0.5814
5.3803559038654925,0.0,0.0,4.0,2.0,2.0,0.5,30.33,6720.0,1.0,0.361071429
5.2174050233456475,0.0,0.0,4.0,2.0,10.0,0.65,18.22,0.0,1.0,0.302117347
5.867431634545078,0.0,1.0,5.0,2.0,12.0,0.8,5.13,1200.0,0.0,0.9918
5.759620568837415,0.0,1.0,5.0,2.0,6.0,0.8,2.9,1440.0,0.0,0.9368611109999999
5.723487452529469,0.0,1.0,5.0,2.0,2.0,0.8,5.13,1440.0,0.0,0.919125
5.115907021888181,5.477225575051661,0.0,5.0,2.0,11.0,0.7,11.41,3360.0,2.0,0.8211125
5.421612021659069,7.0710678118654755,0.0,5.0,2.0,4.0,0.8,30.1,480.0,1.0,0.800980392
4.7545040867491775,0.0,0.0,5.0,2.0,5.0,0.8,30.1,0.0,0.0,0.800980392
5.752458971218187,7.937253933193772,0.0,5.0,2.0,12.0,0.8,15.26,4080.0,0.0,0.8004019609999999
6.088308959448533,7.937253933193772,0.0,5.0,2.0,1.0,0.8,22.52,3960.0,0.0,0.800279693
5.248805066671062,5.830951894845301,0.0,5.0,2.0,6.0,0.75,18.79,3960.0,0.0,0.75065101
4.849324904830537,6.708203932499369,0.0,5.0,2.0,7.0,0.75,30.1,2280.0,1.0,0.75053268
5.299187521824031,0.0,1.0,5.0,2.0,4.0,0.75,5.13,960.0,0.0,0.734645833
5.701888846164727,6.324555320336759,0.0,5.0,2.0,3.0,0.7,30.1,0.0,1.0,0.700603448
6.311669238330236,5.477225575051661,0.0,5.0,2.0,9.0,0.7,18.79,4560.0,1.0,0.70009573
5.128456447644014,0.0,1.0,5.0,2.0,7.0,0.7,5.13,960.0,0.0,0.671875
5.035553679081197,0.0,1.0,5.0,2.0,10.0,0.8,3.94,960.0,0.0,0.64025
4.842816481889325,0.0,1.0,5.0,2.0,8.0,0.7,5.13,960.0,0.0,0.58
4.736828902084075,0.0,1.0,5.0,2.0,9.0,0.8,3.94,960.0,0.0,0.549791667
5.427876170779181,0.0,0.0,5.0,2.0,2.0,0.6,30.33,6840.0,1.0,0.328131579
5.783723486419061,0.0,0.0,5.0,2.0,10.0,0.7,19.68,5640.0,1.0,0.303574468
2.673231856163985,0.0,1.0,5.0,2.0,3.0,0.5,5.13,960.0,0.0,0.2565
5.569212227823757,0.0,0.0,5.0,2.0,8.0,0.65,29.4,4560.0,2.0,0.25139925399999996
5.955098468731536,0.0,1.0,3.0,2.0,3.0,0.5,5.13,2880.0,0.0,0.81640625
5.792747488983534,6.164414002968976,0.0,3.0,2.0,12.0,0.8,15.26,1080.0,0.0,0.8007114940000001
4.034702045517079,7.937253933193772,0.0,3.0,2.0,1.0,0.8,22.52,3840.0,0.0,0.8004705129999999
5.413751174509749,7.937253933193772,0.0,3.0,2.0,4.0,0.8,30.1,7020.0,1.0,0.800094017
4.075935196471621,7.937253933193772,0.0,3.0,2.0,5.0,0.8,30.1,600.0,0.0,0.7999828529999999
5.898531369259784,0.0,1.0,3.0,2.0,6.0,0.8,2.9,4320.0,0.0,0.785864198
5.47570348915369,7.483314773547883,0.0,3.0,2.0,6.0,0.75,18.79,3960.0,0.0,0.75065101
5.797141394492377,0.0,1.0,3.0,2.0,10.0,0.8,3.94,2400.0,0.0,0.7332777779999999
5.750762943265838,0.0,1.0,3.0,2.0,2.0,0.8,5.13,3600.0,0.0,0.710125
3.9643705232359037,7.0710678118654755,0.0,3.0,2.0,3.0,0.7,30.1,6960.0,1.0,0.700603448
5.055083053557209,5.477225575051661,0.0,3.0,2.0,11.0,0.7,11.41,3480.0,2.0,0.7005404409999999
5.779843092764728,0.0,0.0,3.0,2.0,8.0,0.7,29.4,6240.0,2.0,0.7
5.697104178514269,0.0,1.0,3.0,2.0,4.0,0.75,5.13,1920.0,0.0,0.6840277779999999
5.6721409489083765,0.0,1.0,3.0,2.0,8.0,0.7,5.13,1920.0,0.0,0.672135417
6.327517873410963,5.477225575051661,0.0,3.0,2.0,9.0,0.7,18.79,6120.0,1.0,0.638614379
5.583934040000967,0.0,1.0,3.0,2.0,5.0,0.75,5.13,1920.0,0.0,0.631354167
4.590349388195356,0.0,0.0,3.0,2.0,7.0,0.75,30.1,0.0,1.0,0.611140537
5.535080338022488,0.0,1.0,3.0,2.0,12.0,0.8,5.13,2160.0,0.0,0.609583333
5.385164807134504,0.0,0.0,3.0,2.0,2.0,0.65,30.33,6840.0,1.0,0.585315789
6.127802763718589,0.0,0.0,3.0,2.0,10.0,0.7,19.68,5760.0,1.0,0.24941666699999998
6.238854752024918,0.0,1.0,2.0,3.0,3.0,0.5,5.13,1800.0,0.0,0.8721
6.17407857463479,0.0,1.0,2.0,3.0,6.0,0.8,2.9,960.0,0.0,0.8319375
6.171004255896515,0.0,1.0,2.0,3.0,2.0,0.8,5.13,4800.0,0.0,0.8300625
6.130392589577512,0.0,1.0,2.0,3.0,11.0,0.6,2.9,2880.0,0.0,0.805555556
5.76293708197749,7.937253933193772,0.0,2.0,3.0,12.0,0.8,15.26,4080.0,0.0,0.8004019609999999
5.510394985967698,7.937253933193772,0.0,2.0,3.0,4.0,0.8,30.1,5820.0,1.0,0.80000295
6.093566360832101,0.0,1.0,2.0,3.0,12.0,0.8,5.13,2400.0,0.0,0.78375
6.04139005953125,0.0,1.0,2.0,3.0,9.0,0.8,3.94,2400.0,0.0,0.753525
5.699189726428084,6.708203932499369,0.0,2.0,3.0,6.0,0.75,18.79,3960.0,0.0,0.75065101
5.9950859482306225,0.0,1.0,2.0,3.0,1.0,0.8,3.94,2880.0,0.0,0.727349537
5.818300590346078,6.324555320336759,0.0,2.0,3.0,8.0,0.7,29.4,6840.0,2.0,0.700614035
5.226184130653581,0.0,0.0,2.0,3.0,2.0,0.7,30.33,6840.0,1.0,0.7006052629999999
5.37392390682891,0.0,0.0,2.0,3.0,11.0,0.75,11.41,3480.0,2.0,0.672140805
6.437134355456729,5.477225575051661,0.0,2.0,3.0,9.0,0.7,18.79,3240.0,1.0,0.6270111829999999
5.680187638608724,5.744562646538029,0.0,2.0,3.0,3.0,0.7,30.1,8160.0,2.0,0.6265777779999999
6.255237413002619,0.0,0.0,2.0,3.0,10.0,0.7,21.25,6000.0,1.0,0.456875
5.003995208940335,0.0,0.0,2.0,3.0,7.0,0.75,30.1,6960.0,1.0,0.39354885100000003
5.259039976209228,0.0,1.0,2.0,3.0,10.0,0.8,3.94,960.0,0.0,0.385791667
4.605779351596907,0.0,0.0,2.0,3.0,5.0,0.8,30.1,5700.0,0.0,0.307501459
4.965379465427941,0.0,1.0,2.0,3.0,7.0,0.7,5.13,960.0,0.0,0.283958333
6.6765739049341715,0.0,1.0,0.0,3.0,10.0,0.8,3.94,2400.0,0.0,0.9557916670000001
6.643451806172592,0.0,1.0,0.0,3.0,8.0,0.7,5.13,960.0,0.0,0.930416667
6.606430323926933,0.0,1.0,0.0,3.0,12.0,0.8,5.13,1080.0,0.0,0.9025
6.564099867040433,0.0,1.0,0.0,3.0,3.0,0.8,5.13,2160.0,0.0,0.87115
5.705930352904723,7.937253933193772,0.0,0.0,3.0,12.0,0.8,15.26,4080.0,0.0,0.8004019609999999
5.463480860513616,6.164414002968976,0.0,0.0,3.0,4.0,0.8,30.1,7140.0,1.0,0.800137255
4.822800711124814,6.164414002968976,0.0,0.0,3.0,5.0,0.8,30.1,7140.0,0.0,0.800137255
5.1601408809633,6.708203932499369,0.0,0.0,3.0,7.0,0.75,30.1,6960.0,1.0,0.750770115
5.75901449065324,6.708203932499369,0.0,0.0,3.0,6.0,0.75,18.79,3960.0,0.0,0.75065101
5.360990181524289,0.0,0.0,0.0,3.0,11.0,0.75,11.41,2820.0,2.0,0.7502939390000001
4.901104395840658,5.477225575051661,0.0,0.0,3.0,2.0,0.7,30.33,2160.0,1.0,0.700623
5.751145174405047,6.324555320336759,0.0,0.0,3.0,8.0,0.7,29.4,6840.0,2.0,0.700614035
5.91969855109789,5.477225575051661,0.0,0.0,3.0,3.0,0.7,29.4,6960.0,2.0,0.7003620690000001
6.364688382085818,6.324555320336759,0.0,0.0,3.0,9.0,0.7,18.79,6000.0,1.0,0.60128
6.307688366442616,0.0,0.0,0.0,3.0,10.0,0.7,21.25,6000.0,1.0,0.417916667
5.740544318748045,0.0,1.0,0.0,3.0,6.0,0.8,2.9,960.0,0.0,0.3715625
5.740544318748045,0.0,1.0,0.0,3.0,9.0,0.8,2.9,960.0,0.0,0.3715625
5.73473893769673,0.0,1.0,0.0,3.0,2.0,0.8,5.13,960.0,0.0,0.36871875
5.709505792151377,0.0,1.0,0.0,3.0,7.0,0.7,5.13,960.0,0.0,0.35645833299999996
5.908239011389272,0.0,1.0,4.0,3.0,10.0,0.7,2.9,1800.0,0.0,0.902222222
5.730554392286035,0.0,1.0,4.0,3.0,3.0,0.8,4.6,1440.0,0.0,0.8113888890000001
5.708619927232908,7.0710678118654755,0.0,4.0,3.0,12.0,0.8,15.26,4080.0,0.0,0.8004019609999999
4.605779351596907,7.0710678118654755,0.0,4.0,3.0,5.0,0.8,30.1,7140.0,0.0,0.800137255
5.478746393072713,7.0710678118654755,0.0,4.0,3.0,4.0,0.8,30.1,6480.0,1.0,0.800071839
5.6892719952725,0.0,1.0,4.0,3.0,8.0,0.7,4.6,960.0,0.0,0.791458333
5.21388093823942,6.708203932499369,0.0,4.0,3.0,7.0,0.75,30.1,5640.0,1.0,0.7507273259999999
5.4968982034849665,6.708203932499369,0.0,4.0,3.0,6.0,0.75,18.79,3360.0,0.0,0.75065101
5.140008718596284,5.830951894845301,0.0,4.0,3.0,11.0,0.75,11.61,3360.0,2.0,0.7504372690000001
5.851024315215874,6.708203932499369,0.0,4.0,3.0,3.0,0.75,29.4,5340.0,2.0,0.7501769909999999
5.549060218879454,0.0,1.0,4.0,3.0,6.0,0.75,2.9,1800.0,0.0,0.726933333
5.549060218879454,0.0,1.0,4.0,3.0,9.0,0.7,2.9,1800.0,0.0,0.726933333
4.494330859730306,5.477225575051661,0.0,4.0,3.0,2.0,0.7,30.33,1680.0,1.0,0.700623
5.731329288333876,6.324555320336759,0.0,4.0,3.0,8.0,0.7,29.4,4560.0,2.0,0.7005185190000001
5.7166659231353005,5.477225575051661,0.0,4.0,3.0,9.0,0.7,18.79,3000.0,1.0,0.700256795
4.960243250053401,0.0,1.0,4.0,3.0,11.0,0.7,2.9,960.0,0.0,0.5046875
6.544098578928018,0.0,0.0,4.0,3.0,10.0,0.7,21.25,6360.0,1.0,0.471108491
4.256342335676232,0.0,1.0,4.0,3.0,2.0,0.7,3.9,960.0,0.0,0.325
5.1583204040947415,0.0,0.0,4.0,3.0,1.0,0.6,22.53,5040.0,1.0,0.268214286
5.739280284495714,7.483314773547883,0.0,5.0,3.0,9.0,0.75,18.79,6240.0,1.0,0.970816667
5.689954474898468,0.0,1.0,5.0,3.0,5.0,0.8,4.6,1080.0,0.0,0.902962963
5.68549145863922,0.0,1.0,5.0,3.0,3.0,0.8,4.6,2400.0,0.0,0.900833333
5.682808597898409,0.0,1.0,5.0,3.0,12.0,0.8,4.6,1800.0,0.0,0.8995555559999999
5.566403823590361,0.0,1.0,5.0,3.0,10.0,0.7,2.9,1200.0,0.0,0.845833333
4.239363248839551,7.0710678118654755,0.0,5.0,3.0,4.0,0.8,30.1,4080.0,1.0,0.800808642
5.696486766347825,7.0710678118654755,0.0,5.0,3.0,12.0,0.8,15.26,4080.0,0.0,0.8004019609999999
5.294874081387807,7.0710678118654755,0.0,5.0,3.0,7.0,0.8,30.1,7080.0,2.0,0.8001158190000001
5.627626075373721,6.708203932499369,0.0,5.0,3.0,6.0,0.75,18.79,3960.0,1.0,0.75065101
5.0198811078259915,6.708203932499369,0.0,5.0,3.0,11.0,0.75,11.61,3360.0,0.0,0.750503571
5.984896772471906,6.708203932499369,0.0,5.0,3.0,3.0,0.75,29.4,6960.0,2.0,0.750206897
5.394744147937925,5.477225575051661,0.0,5.0,3.0,8.0,0.7,29.4,6960.0,1.0,0.7003620690000001
4.358898943540674,5.477225575051661,0.0,5.0,3.0,2.0,0.7,30.33,3960.0,1.0,0.700069811
6.3762922376967825,0.0,0.0,5.0,3.0,10.0,0.7,21.82,6240.0,2.0,0.700058333
5.14210019246433,0.0,1.0,5.0,3.0,7.0,0.75,4.6,960.0,0.0,0.676666667
5.089906998213012,0.0,1.0,5.0,3.0,8.0,0.7,4.6,960.0,0.0,0.658541667
1.9679896712654306,7.0,0.0,5.0,3.0,5.0,0.8,30.1,1200.0,1.0,0.598792339
5.253983963021254,0.0,0.0,5.0,3.0,1.0,0.65,22.53,5040.0,1.0,0.581130952
4.277173586307532,0.0,1.0,5.0,3.0,2.0,0.7,3.9,960.0,0.0,0.440375
4.1235083025705,0.0,1.0,5.0,3.0,6.0,0.75,2.9,960.0,0.0,0.41083333299999997
4.1235083025705,0.0,1.0,5.0,3.0,9.0,0.7,2.9,960.0,0.0,0.41083333299999997
6.138693120464343,0.0,1.0,3.0,3.0,3.0,0.8,4.6,6300.0,0.0,0.921703704
6.138528479897568,0.0,1.0,3.0,3.0,5.0,0.8,4.6,7560.0,0.0,0.921604938
5.132628931126717,7.0710678118654755,0.0,3.0,3.0,7.0,0.8,30.1,4080.0,1.0,0.800808642
5.344690235567577,7.0710678118654755,0.0,3.0,3.0,11.0,0.8,11.61,2820.0,2.0,0.800516667
5.712647174835975,7.937253933193772,0.0,3.0,3.0,12.0,0.8,15.26,4080.0,0.0,0.8004019609999999
5.866294542763823,0.0,1.0,3.0,3.0,1.0,0.5,3.94,3360.0,0.0,0.768847222
5.495392410108945,6.708203932499369,0.0,3.0,3.0,6.0,0.75,18.79,3960.0,0.0,0.75065101
5.938887452806021,6.708203932499369,0.0,3.0,3.0,3.0,0.75,29.4,6840.0,2.0,0.750473684
5.651321867080535,6.708203932499369,0.0,3.0,3.0,9.0,0.75,18.79,5640.0,1.0,0.750371895
5.501408174353464,7.483314773547883,0.0,3.0,3.0,8.0,0.75,29.4,6960.0,2.0,0.750206897
6.315642592037509,0.0,0.0,3.0,3.0,10.0,0.7,21.82,3240.0,1.0,0.700251773
4.466535272810459,0.0,0.0,3.0,3.0,2.0,0.7,30.33,6960.0,1.0,0.66237931
5.49144038815985,0.0,1.0,3.0,3.0,12.0,0.8,4.6,3780.0,0.0,0.590617284
5.410365100976814,0.0,1.0,3.0,3.0,2.0,0.7,3.9,960.0,0.0,0.5565625
4.572148834013048,5.656854249492381,0.0,3.0,3.0,4.0,0.8,30.1,7080.0,2.0,0.495617514
4.508037425854135,6.164414002968976,0.0,3.0,3.0,5.0,0.35,27.48,6840.0,1.0,0.44996491200000005
5.014098058032632,0.0,1.0,3.0,3.0,10.0,0.7,2.9,3360.0,0.0,0.41083333299999997
5.004832064894406,0.0,1.0,3.0,3.0,9.0,0.75,2.9,960.0,0.0,0.4078125
5.841013971774418,4.795831523312719,0.0,3.0,3.0,1.0,0.35,26.66,6600.0,2.0,0.378895152
4.905923633762442,0.0,1.0,3.0,3.0,8.0,0.75,4.6,3360.0,0.0,0.376597222
4.520939139278851,0.0,1.0,3.0,3.0,6.0,0.75,2.9,3360.0,0.0,0.271875
6.479836885662998,0.0,1.0,1.0,3.0,3.0,0.8,4.6,6300.0,0.0,0.921703704
6.4796969046919966,0.0,1.0,1.0,3.0,5.0,0.8,4.6,7560.0,0.0,0.921604938
5.557597540571016,7.0710678118654755,0.0,1.0,3.0,11.0,0.8,11.61,0.0,2.0,0.800779018
5.878291000481517,7.874007874011811,0.0,1.0,3.0,12.0,0.8,15.26,1700.0,0.0,0.800260821
5.0375743250992375,6.164414002968976,0.0,1.0,3.0,7.0,0.8,30.1,840.0,1.0,0.7999828529999999
6.2514023862457755,0.0,1.0,1.0,3.0,1.0,0.5,3.94,3360.0,0.0,0.768847222
5.815760401751049,6.708203932499369,0.0,1.0,3.0,3.0,0.75,29.4,4440.0,2.0,0.750716981
5.640208102647786,6.708203932499369,0.0,1.0,3.0,6.0,0.75,18.79,3960.0,0.0,0.75065101
5.304950005319615,7.483314773547883,0.0,1.0,3.0,8.0,0.75,29.4,4560.0,2.0,0.7504259259999999
5.385164807134504,6.708203932499369,0.0,1.0,3.0,9.0,0.75,18.79,6240.0,1.0,0.750395513
6.168678560346688,6.324555320336759,0.0,1.0,3.0,10.0,0.7,21.82,6120.0,1.0,0.700236601
4.756828460010884,0.0,0.0,1.0,3.0,2.0,0.7,30.33,4560.0,1.0,0.7002111109999999
5.948822716067331,0.0,1.0,1.0,3.0,12.0,0.8,4.6,3780.0,0.0,0.590617284
5.885439869513036,0.0,1.0,1.0,3.0,2.0,0.7,3.9,960.0,0.0,0.5565625
4.967688130157341,5.477225575051661,0.0,1.0,3.0,5.0,0.5,27.48,6840.0,1.0,0.550403509
6.168678560346688,5.477225575051661,0.0,1.0,3.0,1.0,0.5,26.66,6840.0,2.0,0.5503497079999999
4.855888409457449,4.795831523312719,0.0,1.0,3.0,4.0,0.5,26.66,6960.0,2.0,0.500258046
5.587996837713154,0.0,1.0,1.0,3.0,10.0,0.7,2.9,3360.0,0.0,0.41083333299999997
5.581309124061506,0.0,1.0,1.0,3.0,9.0,0.75,2.9,960.0,0.0,0.4078125
5.510751722867952,0.0,1.0,1.0,3.0,8.0,0.75,4.6,3360.0,0.0,0.376597222
5.251766225949618,0.0,1.0,1.0,3.0,6.0,0.75,2.9,3360.0,0.0,0.271875
6.338475034009077,0.0,1.0,2.0,0.0,3.0,0.8,4.6,10500.0,0.0,0.936355556
6.1438308342852554,0.0,1.0,2.0,0.0,8.0,0.75,4.6,3360.0,0.0,0.8136111109999999
5.766851679784367,7.937253933193772,0.0,2.0,0.0,12.0,0.8,15.26,4080.0,0.0,0.8004019609999999
4.993989169659847,7.483314773547883,0.0,2.0,0.0,8.0,0.75,29.4,6240.0,0.0,0.75075
5.877059815787235,6.708203932499369,0.0,2.0,0.0,6.0,0.75,18.79,3960.0,0.0,0.75065101
5.814489058271064,6.708203932499369,0.0,2.0,0.0,3.0,0.75,29.4,6840.0,0.0,0.750473684
5.469602417297183,5.830951894845301,0.0,2.0,0.0,9.0,0.75,18.79,6240.0,0.0,0.750395513
4.840531895124745,6.164414002968976,0.0,2.0,0.0,5.0,0.6,27.48,6720.0,0.0,0.7074464290000001
6.109248334536995,5.477225575051661,0.0,2.0,0.0,10.0,0.7,21.82,5640.0,0.0,0.700236601
6.302701653424697,6.164414002968976,0.0,2.0,0.0,1.0,0.6,26.66,6840.0,0.0,0.700019883
3.992164506944726,0.0,0.0,2.0,0.0,2.0,0.7,30.33,1800.0,0.0,0.683550607
4.3160092690119605,7.0710678118654755,0.0,2.0,0.0,11.0,0.8,11.61,0.0,0.0,0.6824330359999999
5.895518619733504,0.0,1.0,2.0,0.0,4.0,0.6,3.94,960.0,0.0,0.673083333
5.8794578020973525,0.0,1.0,2.0,0.0,10.0,0.7,2.9,3360.0,0.0,0.6645833329999999
5.128927068689104,4.795831523312719,0.0,2.0,0.0,4.0,0.6,26.66,6840.0,0.0,0.6002397660000001
5.72227557236625,0.0,1.0,2.0,0.0,2.0,0.7,3.9,960.0,0.0,0.585
5.528237836767902,0.0,0.0,2.0,0.0,7.0,0.8,30.1,6960.0,0.0,0.579511494
5.418475040541234,0.0,1.0,2.0,0.0,1.0,0.6,3.94,3360.0,0.0,0.448722222
5.414498218656031,0.0,1.0,2.0,0.0,9.0,0.75,2.9,960.0,0.0,0.44708333299999997
5.1626402653839145,0.0,1.0,2.0,0.0,7.0,0.8,4.6,3360.0,0.0,0.350416667
6.6413905254413805,0.0,1.0,0.0,0.0,2.0,0.7,3.9,1200.0,0.0,0.92885
6.549353612125389,0.0,1.0,0.0,0.0,3.0,0.8,4.6,10080.0,0.0,0.86037037
6.474663540572234,0.0,1.0,0.0,0.0,4.0,0.65,3.94,960.0,0.0,0.8068791670000001
6.251147683838532,8.06225774829855,0.0,0.0,0.0,1.0,0.65,26.66,6840.0,0.0,0.800579532
5.671985180189633,7.937253933193772,0.0,0.0,0.0,12.0,0.8,15.26,4080.0,0.0,0.8004019609999999
6.465439197397923,0.0,1.0,0.0,0.0,9.0,0.75,2.9,1200.0,0.0,0.8004
5.0139415812265975,7.0710678118654755,0.0,0.0,0.0,11.0,0.8,11.61,0.0,0.0,0.800309211
5.92331069467892,7.0710678118654755,0.0,0.0,0.0,3.0,0.8,29.4,4680.0,0.0,0.800149813
4.981901975348543,0.0,0.0,0.0,0.0,7.0,0.8,30.1,7080.0,0.0,0.8001158190000001
6.4264711492101565,0.0,1.0,0.0,0.0,8.0,0.75,4.6,3360.0,0.0,0.773333333
5.547374613892434,5.830951894845301,0.0,0.0,0.0,6.0,0.75,18.79,2880.0,0.0,0.750797009
4.844934384345263,6.708203932499369,0.0,0.0,0.0,8.0,0.75,29.4,6840.0,0.0,0.750473684
5.52971696408065,6.708203932499369,0.0,0.0,0.0,9.0,0.75,18.79,6240.0,0.0,0.750395513
5.3706992285653,7.416198487095663,0.0,0.0,0.0,4.0,0.65,26.66,6780.0,0.0,0.750254867
4.829472805532836,5.830951894845301,0.0,0.0,0.0,5.0,0.65,27.48,6720.0,0.0,0.7009035709999999
6.234707968393838,5.477225575051661,0.0,0.0,0.0,10.0,0.7,21.82,3600.0,0.0,0.70013604
6.211069320251472,0.0,1.0,0.0,0.0,10.0,0.7,2.9,3360.0,0.0,0.632361111
6.17092075081433,0.0,1.0,0.0,0.0,12.0,0.8,4.6,3780.0,0.0,0.607654321
6.053162732500724,0.0,1.0,0.0,0.0,1.0,0.65,3.94,3360.0,0.0,0.537919444
5.680072599976045,0.0,1.0,0.0,0.0,7.0,0.8,4.6,3360.0,0.0,0.342361111
6.08233187840033,0.0,1.0,4.0,0.0,7.0,0.8,4.6,4200.0,0.0,0.999533333
5.909623467694243,0.0,1.0,4.0,0.0,3.0,0.8,4.6,6300.0,0.0,0.902962963
4.951292896230491,7.0710678118654755,0.0,4.0,0.0,11.0,0.8,11.41,0.0,0.0,0.8007017540000001
6.28666411467473,7.745966692414834,0.0,4.0,0.0,1.0,0.7,26.66,6960.0,0.0,0.8005660920000001
5.599359857446364,7.0710678118654755,0.0,4.0,0.0,12.0,0.8,15.26,4080.0,0.0,0.8004019609999999
5.830951894845301,7.0710678118654755,0.0,4.0,0.0,3.0,0.8,29.4,6840.0,0.0,0.800333333
2.320595787106084,7.0710678118654755,0.0,4.0,0.0,7.0,0.8,30.1,7080.0,0.0,0.8001158190000001
5.551762784453681,7.0710678118654755,0.0,4.0,0.0,4.0,0.7,26.66,6960.0,0.0,0.750770115
4.8071238819675415,7.483314773547883,0.0,4.0,0.0,8.0,0.75,29.4,6840.0,0.0,0.750473684
5.753771868478424,5.830951894845301,0.0,4.0,0.0,9.0,0.75,18.79,6240.0,0.0,0.750395513
4.47771567384123,6.708203932499369,0.0,4.0,0.0,6.0,0.75,20.2,3120.0,0.0,0.750212553
5.493725222603503,0.0,1.0,4.0,0.0,8.0,0.75,4.6,3360.0,0.0,0.702777778
4.892588109290588,5.477225575051661,0.0,4.0,0.0,5.0,0.7,27.48,6840.0,0.0,0.7006596490000001
6.019579874375526,5.477225575051661,0.0,4.0,0.0,10.0,0.7,21.82,5040.0,0.0,0.699984417
5.331494672035573,0.0,1.0,4.0,0.0,12.0,0.8,4.6,3780.0,0.0,0.636049383
5.147451326643875,0.0,1.0,4.0,0.0,2.0,0.4,3.9,6300.0,0.0,0.567377778
5.113335983167613,0.0,1.0,4.0,0.0,1.0,0.7,3.94,3360.0,0.0,0.555430556
5.113335983167613,0.0,1.0,4.0,0.0,4.0,0.7,3.94,3360.0,0.0,0.555430556
4.823598769281592,0.0,1.0,4.0,0.0,10.0,0.7,2.9,3360.0,0.0,0.463194444
4.396507959919187,0.0,1.0,4.0,0.0,5.0,0.7,4.6,3360.0,0.0,0.35444444399999997
4.175737237594681,0.0,1.0,4.0,0.0,6.0,0.75,2.9,3360.0,0.0,0.309333333
3.5397689311792186,0.0,0.0,4.0,0.0,2.0,0.4,15.28,5400.0,1.0,0.30277037
5.764267948270237,0.0,1.0,5.0,0.0,3.0,0.8,4.6,1200.0,0.0,0.9391666670000001
5.746570288333395,0.0,1.0,5.0,0.0,8.0,0.8,4.6,960.0,0.0,0.930416667
5.653952075688406,0.0,1.0,5.0,0.0,12.0,0.8,4.6,1080.0,0.0,0.885925926
5.539190070304432,0.0,1.0,5.0,0.0,9.0,0.75,2.9,960.0,0.0,0.83375
5.477191723359354,0.0,1.0,5.0,0.0,1.0,0.7,3.94,960.0,0.0,0.8068791670000001
5.475264418452394,0.0,1.0,5.0,0.0,4.0,0.7,3.94,960.0,0.0,0.806058333
4.561650145143182,6.164414002968976,0.0,5.0,0.0,11.0,0.8,11.41,0.0,0.0,0.8007017540000001
5.5677643628300215,7.0710678118654755,0.0,5.0,0.0,12.0,0.8,15.26,4080.0,0.0,0.8004019609999999
5.847276459562821,7.937253933193772,0.0,5.0,0.0,3.0,0.8,29.4,6840.0,0.0,0.800333333
5.437231924259711,7.0710678118654755,0.0,5.0,0.0,7.0,0.8,30.1,3960.0,0.0,0.8000557620000001
5.662370447415357,7.745966692414834,0.0,5.0,0.0,4.0,0.7,26.82,6960.0,0.0,0.799975862
6.488076013711489,7.0710678118654755,0.0,5.0,0.0,1.0,0.7,26.82,6960.0,0.0,0.750651724
5.893005235732502,5.830951894845301,0.0,5.0,0.0,9.0,0.75,18.79,6240.0,0.0,0.750395513
4.920105372227348,6.324555320336759,0.0,5.0,0.0,5.0,0.7,27.48,6960.0,0.0,0.7004241379999999
6.043505996977197,5.477225575051661,0.0,5.0,0.0,10.0,0.7,21.82,5760.0,0.0,0.700058333
5.165262085687983,0.0,1.0,5.0,0.0,7.0,0.8,4.6,8400.0,0.0,0.6848888890000001
4.883328756656599,0.0,1.0,5.0,0.0,5.0,0.7,4.6,960.0,0.0,0.5920833329999999
4.702056733211732,0.0,1.0,5.0,0.0,2.0,0.5,3.9,960.0,0.0,0.5403125
2.340347319320716,0.0,0.0,5.0,0.0,8.0,0.8,29.4,6840.0,0.0,0.433263158
4.019389807098026,0.0,0.0,5.0,0.0,2.0,0.5,15.28,5520.0,1.0,0.40414492799999996
2.68534961428265,0.0,0.0,5.0,0.0,6.0,0.75,18.79,3960.0,0.0,0.332146465
6.235209222459052,0.0,1.0,3.0,0.0,8.0,0.8,4.6,2640.0,0.0,0.980984848
6.186344574989427,0.0,1.0,3.0,0.0,2.0,0.6,3.9,960.0,0.0,0.950625
6.147986621037913,0.0,1.0,3.0,0.0,11.0,0.8,2.9,1200.0,0.0,0.927291667
6.0486957655602325,0.0,1.0,3.0,0.0,12.0,0.8,4.6,1080.0,0.0,0.868888889
5.9481823111023715,0.0,1.0,3.0,0.0,1.0,0.7,3.94,960.0,0.0,0.812625
5.9481823111023715,0.0,1.0,3.0,0.0,4.0,0.7,3.94,960.0,0.0,0.812625
5.943570855352036,0.0,1.0,3.0,0.0,3.0,0.8,4.6,1800.0,0.0,0.810111111
4.618520218392634,7.0710678118654755,0.0,3.0,0.0,11.0,0.8,11.41,3420.0,0.0,0.8007017540000001
5.313302967739202,7.937253933193772,0.0,3.0,0.0,3.0,0.8,29.4,1800.0,0.0,0.800534979
5.564865239554687,7.0710678118654755,0.0,3.0,0.0,12.0,0.8,15.26,4080.0,0.0,0.8004019609999999
6.087200886063956,7.0710678118654755,0.0,3.0,0.0,1.0,0.7,26.82,6960.0,0.0,0.750651724
5.91969855109789,6.708203932499369,0.0,3.0,0.0,9.0,0.75,18.79,6240.0,0.0,0.750395513
5.7811374256401145,7.0710678118654755,0.0,3.0,0.0,4.0,0.7,26.82,7080.0,0.0,0.750050847
3.8943229049609,6.324555320336759,0.0,3.0,0.0,5.0,0.7,27.48,6960.0,0.0,0.7004241379999999
6.1059564168616935,5.477225575051661,0.0,3.0,0.0,10.0,0.7,21.82,6000.0,0.0,0.700422
4.795831523312719,0.0,0.0,3.0,0.0,2.0,0.6,15.28,1320.0,1.0,0.600099145
5.138737908611353,0.0,1.0,3.0,0.0,9.0,0.75,2.9,960.0,0.0,0.453125
5.37392390682891,0.0,0.0,3.0,0.0,7.0,0.8,30.1,1200.0,0.0,0.366053523
6.170807526517056,0.0,0.0,3.0,0.0,6.0,0.35,22.53,2640.0,1.0,0.26369382
6.403651827334464,0.0,1.0,1.0,0.0,12.0,0.8,4.6,1080.0,0.0,0.868888889
5.603627123231449,8.660254037844387,0.0,1.0,0.0,12.0,0.8,15.26,4080.0,0.0,0.850520588
5.966149802101467,8.366600265340756,0.0,1.0,0.0,1.0,0.7,26.82,8160.0,0.0,0.850045
6.338880094885643,0.0,1.0,1.0,0.0,7.0,0.8,4.6,6000.0,0.0,0.825444444
6.308851638199415,0.0,1.0,1.0,0.0,5.0,0.35,3.94,2400.0,0.0,0.80575
5.879521412061292,7.745966692414834,0.0,1.0,0.0,4.0,0.7,26.82,6960.0,0.0,0.800746552
5.599359857446364,7.937253933193772,0.0,1.0,0.0,3.0,0.8,29.4,6840.0,1.0,0.800578947
4.658597902181589,7.0710678118654755,0.0,1.0,0.0,11.0,0.8,11.41,3420.0,0.0,0.800034503
6.296144286498421,0.0,1.0,1.0,0.0,6.0,0.5,2.9,960.0,0.0,0.7975
5.917286776895573,6.708203932499369,0.0,1.0,0.0,9.0,0.75,18.79,3480.0,0.0,0.749987124
5.947224425532871,5.477225575051661,0.0,1.0,0.0,10.0,0.7,21.82,6000.0,0.0,0.700422
6.080407533625793,0.0,1.0,1.0,0.0,1.0,0.7,3.94,960.0,0.0,0.664875
6.080407533625793,0.0,1.0,1.0,0.0,4.0,0.7,3.94,960.0,0.0,0.664875
6.066998146807835,0.0,1.0,1.0,0.0,11.0,0.8,2.9,960.0,0.0,0.657083333
5.00199880111877,0.0,0.0,1.0,0.0,2.0,0.65,16.1,4200.0,1.0,0.65024031
5.949048835331195,0.0,1.0,1.0,0.0,8.0,0.8,4.6,3600.0,0.0,0.5907407410000001
5.830897236750901,0.0,1.0,1.0,0.0,2.0,0.65,3.9,1920.0,0.0,0.528125
6.093840271557361,0.0,0.0,1.0,0.0,6.0,0.5,23.41,2280.0,1.0,0.500528095
4.822800711124814,4.898979485566356,0.0,1.0,0.0,5.0,0.7,27.48,6960.0,1.0,0.408960345
6.361949117738195,0.0,1.0,2.0,1.0,3.0,0.8,4.6,1440.0,0.0,0.9519444440000001
6.352360049785997,0.0,1.0,2.0,1.0,12.0,0.8,4.6,1080.0,0.0,0.945555556
6.327420475096355,0.0,1.0,2.0,1.0,9.0,0.75,2.9,1080.0,0.0,0.9290740740000001
6.268032324822754,0.0,1.0,2.0,1.0,1.0,0.75,3.94,960.0,0.0,0.890604167
6.268032324822754,0.0,1.0,2.0,1.0,4.0,0.75,3.94,960.0,0.0,0.890604167
6.257665598833972,0.0,1.0,2.0,1.0,2.0,0.7,3.9,1200.0,0.0,0.884
6.216209947718262,0.0,1.0,2.0,1.0,5.0,0.5,3.94,960.0,0.0,0.857916667
5.735308919909811,8.06225774829855,0.0,2.0,1.0,4.0,0.75,26.82,6840.0,0.0,0.850084211
5.950786705911375,8.06225774829855,0.0,2.0,1.0,1.0,0.75,26.82,6960.0,0.0,0.85007069
5.979057272132368,7.0710678118654755,0.0,2.0,1.0,3.0,0.8,30.1,3360.0,1.0,0.8005110679999999
5.711305705405742,7.937253933193772,0.0,2.0,1.0,12.0,0.8,15.26,4080.0,0.0,0.8004019609999999
4.206162860964151,7.0710678118654755,0.0,2.0,1.0,11.0,0.8,11.41,3420.0,0.0,0.800034503
6.04433164799849,0.0,1.0,2.0,1.0,11.0,0.8,2.9,960.0,0.0,0.755208333
5.932910905583876,6.708203932499369,0.0,2.0,1.0,9.0,0.75,18.79,5640.0,0.0,0.750371895
6.044638269813192,5.477225575051661,0.0,2.0,1.0,10.0,0.7,21.82,6000.0,0.0,0.700422
5.519338042143789,5.477225575051661,0.0,2.0,1.0,2.0,0.7,16.1,4800.0,1.0,0.700106061
5.964972233742115,4.795831523312719,0.0,2.0,1.0,6.0,0.6,23.41,2520.0,1.0,0.601037091
5.429438824221832,0.0,0.0,2.0,1.0,8.0,0.6,30.48,6720.0,1.0,0.600528571
5.163776065240123,4.795831523312719,0.0,2.0,1.0,5.0,0.5,26.82,7080.0,1.0,0.500033898
5.423836612515182,0.0,1.0,2.0,1.0,8.0,0.6,3.9,960.0,0.0,0.4509375
5.399761690837189,0.0,1.0,2.0,1.0,10.0,0.7,2.9,960.0,0.0,0.441041667
4.926873842856223,0.0,1.0,2.0,1.0,6.0,0.6,2.9,960.0,0.0,0.271875
6.682827292085424,30.983866769659336,1.0,0.0,1.0,11.0,0.8,2.9,0.0,0.0,0.960625
6.607049371961704,32.863353450309965,1.0,0.0,1.0,12.0,0.8,4.6,0.0,0.0,0.902962963
6.5547990948191215,53.665631459994955,1.0,0.0,1.0,5.0,0.6,3.94,0.0,0.0,0.8643425929999999
5.731329288333876,8.06225774829855,0.0,0.0,1.0,4.0,0.75,26.82,7020.0,0.0,0.850446154
6.0298688149408095,8.06225774829855,0.0,0.0,1.0,1.0,0.75,26.82,7140.0,0.0,0.8504268909999999
6.5226023646219975,60.0,1.0,0.0,1.0,9.0,0.75,2.9,0.0,0.0,0.841
5.572104574801163,7.0710678118654755,0.0,0.0,1.0,3.0,0.8,30.1,5160.0,1.0,0.800842424
5.800448920775136,7.937253933193772,0.0,0.0,1.0,12.0,0.8,15.26,4080.0,0.0,0.8004019609999999
4.346773933354619,7.0710678118654755,0.0,0.0,1.0,11.0,0.8,11.41,3420.0,0.0,0.800034503
6.45831750637289,37.94733192202055,1.0,0.0,1.0,3.0,0.8,4.6,0.0,0.0,0.795416667
6.458275754353908,30.983866769659336,1.0,0.0,1.0,4.0,0.75,3.94,0.0,0.0,0.7953875
6.457100414949087,30.983866769659336,1.0,0.0,1.0,1.0,0.75,3.94,0.0,0.0,0.794566667
5.877059815787235,6.708203932499369,0.0,0.0,1.0,9.0,0.75,18.79,6240.0,0.0,0.750395513
5.346326949964144,5.477225575051661,0.0,0.0,1.0,2.0,0.7,16.1,5520.0,1.0,0.700516224
6.300703649796459,5.477225575051661,0.0,0.0,1.0,10.0,0.7,21.82,6000.0,0.0,0.700422
6.290232144380887,34.64101615137755,1.0,0.0,1.0,2.0,0.7,3.9,0.0,0.0,0.6825
5.96025497245405,5.916079783099616,0.0,0.0,1.0,6.0,0.65,23.41,4560.0,1.0,0.650962281
5.556140574253522,5.0990195135927845,0.0,0.0,1.0,8.0,0.65,30.48,6720.0,1.0,0.650421429
5.5059070808040556,4.795831523312719,0.0,0.0,1.0,5.0,0.6,26.82,7080.0,1.0,0.6000406779999999
5.837246788923837,0.0,0.0,0.0,1.0,7.0,0.5,30.48,6600.0,1.0,0.5006109089999999
5.944886271178265,30.983866769659336,1.0,0.0,1.0,10.0,0.7,2.9,0.0,0.0,0.47729166700000003
5.507624481894026,30.983866769659336,1.0,0.0,1.0,8.0,0.65,3.9,0.0,0.0,0.2640625
5.941200767028644,0.0,1.0,4.0,1.0,12.0,0.8,4.6,1080.0,0.0,0.92
5.921598146920667,0.0,1.0,4.0,1.0,5.0,0.6,3.94,1440.0,0.0,0.9093916670000001
6.298703743609057,8.660254037844387,0.0,4.0,1.0,1.0,0.75,26.82,7080.0,0.0,0.9000610170000001
5.893643116335573,0.0,1.0,4.0,1.0,3.0,0.8,4.6,1440.0,0.0,0.894444444
5.869251251904883,0.0,1.0,4.0,1.0,4.0,0.75,3.94,960.0,0.0,0.881575
5.867685149277418,0.0,1.0,4.0,1.0,1.0,0.75,3.94,960.0,0.0,0.880754167
5.764242834204012,8.06225774829855,0.0,4.0,1.0,4.0,0.75,26.82,5880.0,0.0,0.850084211
5.751498834171123,0.0,1.0,4.0,1.0,9.0,0.75,2.9,1800.0,0.0,0.821666667
5.7180036243905645,7.937253933193772,0.0,4.0,1.0,12.0,0.8,15.26,4080.0,0.0,0.8004019609999999
5.243610795028083,7.937253933193772,0.0,4.0,1.0,3.0,0.8,30.1,6960.0,1.0,0.800071839
4.287747230288912,7.0710678118654755,0.0,4.0,1.0,11.0,0.8,11.41,3420.0,0.0,0.800034503
5.618377081990082,0.0,1.0,4.0,1.0,11.0,0.8,2.9,960.0,0.0,0.758229167
6.222292291849675,5.830951894845301,0.0,4.0,1.0,10.0,0.75,21.82,6000.0,0.0,0.7506079999999999
5.942464738306754,6.708203932499369,0.0,4.0,1.0,9.0,0.75,18.79,6240.0,0.0,0.750395513
5.580536191354946,0.0,1.0,4.0,1.0,2.0,0.7,3.9,960.0,0.0,0.741
5.511888520455273,5.477225575051661,0.0,4.0,1.0,8.0,0.7,30.48,6840.0,1.0,0.7005052629999999
5.8609835415769025,5.477225575051661,0.0,4.0,1.0,6.0,0.7,23.41,4560.0,1.0,0.7002464909999999
5.561961578122959,6.324555320336759,0.0,4.0,1.0,2.0,0.7,16.1,5400.0,1.0,0.700051852
5.624818578328793,5.0990195135927845,0.0,4.0,1.0,5.0,0.65,26.82,7080.0,1.0,0.6500440679999999
5.647161892331753,5.0,0.0,4.0,1.0,7.0,0.6,30.48,6840.0,1.0,0.630402924
5.128252446380932,0.0,1.0,4.0,1.0,8.0,0.65,3.9,960.0,0.0,0.560625
5.128252446380932,0.0,1.0,4.0,1.0,7.0,0.5,3.9,960.0,0.0,0.560625
4.585063586338024,0.0,1.0,4.0,1.0,10.0,0.7,2.9,960.0,0.0,0.39875
5.731111592625541,0.0,1.0,5.0,1.0,12.0,0.8,4.6,2160.0,0.0,0.922839506
5.628395160932282,0.0,1.0,5.0,1.0,11.0,0.8,2.9,2400.0,0.0,0.874027778
5.506043035849622,0.0,1.0,5.0,1.0,2.0,0.75,3.9,1920.0,0.0,0.8192708329999999
5.492219009163021,0.0,1.0,5.0,1.0,4.0,0.75,3.94,1920.0,0.0,0.8133090279999999
5.490626217581254,0.0,1.0,5.0,1.0,1.0,0.75,3.94,1920.0,0.0,0.812625
4.656123214507838,7.937253933193772,0.0,5.0,1.0,12.0,0.8,15.26,4080.0,0.0,0.8004019609999999
5.206811252912085,7.937253933193772,0.0,5.0,1.0,3.0,0.8,30.1,6960.0,1.0,0.800071839
4.864598558195575,7.0710678118654755,0.0,5.0,1.0,11.0,0.8,11.41,3420.0,0.0,0.800034503
5.429045541751977,0.0,1.0,5.0,1.0,3.0,0.8,4.6,1920.0,0.0,0.786631944
5.36082322655749,0.0,1.0,5.0,1.0,5.0,0.7,3.94,1440.0,0.0,0.75885
6.3964478494675125,5.830951894845301,0.0,5.0,1.0,10.0,0.75,21.82,6000.0,0.0,0.7506079999999999
4.126667707233817,6.708203932499369,0.0,5.0,1.0,9.0,0.75,18.79,5040.0,0.0,0.750347333
5.5821924816120205,6.708203932499369,0.0,5.0,1.0,2.0,0.75,16.1,5400.0,1.0,0.7501407409999999
6.0298688149408095,6.708203932499369,0.0,5.0,1.0,1.0,0.75,26.82,7080.0,0.0,0.750050847
5.6978387272277065,6.708203932499369,0.0,5.0,1.0,4.0,0.75,26.82,7080.0,0.0,0.750050847
5.612132526593366,5.477225575051661,0.0,5.0,1.0,5.0,0.7,26.82,6960.0,1.0,0.700556897
5.498402760407966,5.477225575051661,0.0,5.0,1.0,8.0,0.7,30.48,6840.0,1.0,0.7005052629999999
5.7953180454133255,6.324555320336759,0.0,5.0,1.0,6.0,0.7,23.41,4560.0,1.0,0.7002464909999999
5.52971696408065,5.0990195135927845,0.0,5.0,1.0,7.0,0.65,30.48,6840.0,1.0,0.650596491
4.999173734929742,0.0,1.0,5.0,1.0,10.0,0.75,2.9,960.0,0.0,0.6283333329999999
4.990793828037295,0.0,1.0,5.0,1.0,8.0,0.7,3.9,960.0,0.0,0.625625
4.990793828037295,0.0,1.0,5.0,1.0,7.0,0.65,3.9,960.0,0.0,0.625625
4.568816791764328,0.0,1.0,5.0,1.0,9.0,0.75,2.9,1800.0,0.0,0.505888889
4.031893801016096,0.0,1.0,5.0,1.0,6.0,0.7,2.9,720.0,0.0,0.394722222
